Intersection id ; number of passing cars 
0 ; 7.0 
1 ; 10.0 
2 ; 3.0 
3 ; 6.0 
4 ; 5.0 
5 ; 1.0 
6 ; 3.0 
7 ; 3.0 
8 ; 8.0 
9 ; 4.0 
10 ; 0.0 
11 ; 0.0 
12 ; 3.0 
13 ; 4.0 
14 ; 6.0 
15 ; 6.0 
16 ; 2.0 
17 ; 5.0 
18 ; 7.0 
19 ; 7.0 
20 ; 6.0 
21 ; 12.0 
22 ; 11.0 
23 ; 10.0 
24 ; 5.0 
25 ; 4.0 
26 ; 3.0 
27 ; 1.0 
28 ; 1.0 
29 ; 1.0 
30 ; 2.0 
31 ; 0.0 
32 ; 11.0 
33 ; 8.0 
34 ; 0.0 
35 ; 1.0 
36 ; 1.0 
37 ; 2.0 
38 ; 2.0 
39 ; 1.0 
40 ; 2.0 
41 ; 1.0 
42 ; 0.0 
43 ; 1.0 
44 ; 1.0 
45 ; 0.0 
46 ; 0.0 
47 ; 4.0 
48 ; 0.0 
49 ; 5.0 
50 ; 0.0 
51 ; 0.0 
52 ; 1.0 
53 ; 1.0 
54 ; 6.0 
55 ; 6.0 
56 ; 3.0 
57 ; 3.0 
58 ; 6.0 
59 ; 4.0 
60 ; 17.0 
61 ; 15.0 
62 ; 0.0 
63 ; 2.0 
64 ; 1.0 
65 ; 1.0 
66 ; 2.0 
67 ; 0.0 
68 ; 5.0 
69 ; 6.0 
70 ; 0.0 
71 ; 2.0 
72 ; 1.0 
73 ; 1.0 
74 ; 2.0 
75 ; 5.0 
76 ; 1.0 
77 ; 1.0 
78 ; 2.0 
79 ; 1.0 
80 ; 2.0 
81 ; 3.0 
82 ; 4.0 
83 ; 9.0 
84 ; 9.0 
85 ; 5.0 
86 ; 6.0 
87 ; 2.0 
88 ; 3.0 
89 ; 3.0 
90 ; 0.0 
91 ; 1.0 
92 ; 1.0 
93 ; 6.0 
94 ; 8.0 
95 ; 6.0 
96 ; 3.0 
97 ; 4.0 
98 ; 7.0 
99 ; 4.0 
100 ; 10.0 
101 ; 2.0 
102 ; 2.0 
103 ; 10.0 
104 ; 2.0 
105 ; 5.0 
106 ; 8.0 
107 ; 2.0 
108 ; 5.0 
109 ; 4.0 
110 ; 4.0 
111 ; 5.0 
112 ; 5.0 
113 ; 7.0 
114 ; 5.0 
115 ; 6.0 
116 ; 7.0 
117 ; 7.0 
118 ; 5.0 
119 ; 6.0 
120 ; 6.0 
121 ; 3.0 
122 ; 5.0 
123 ; 1.0 
124 ; 1.0 
125 ; 3.0 
126 ; 4.0 
127 ; 1.0 
128 ; 2.0 
129 ; 4.0 
130 ; 3.0 
131 ; 8.0 
132 ; 1.0 
133 ; 2.0 
134 ; 4.0 
135 ; 6.0 
136 ; 6.0 
137 ; 6.0 
138 ; 6.0 
139 ; 1.0 
140 ; 1.0 
141 ; 7.0 
142 ; 8.0 
143 ; 1.0 
144 ; 1.0 
145 ; 1.0 
146 ; 1.0 
147 ; 0.0 
148 ; 0.0 
149 ; 5.0 
150 ; 7.0 
151 ; 0.0 
152 ; 11.0 
153 ; 9.0 
154 ; 8.0 
155 ; 9.0 
156 ; 4.0 
157 ; 3.0 
158 ; 3.0 
159 ; 7.0 
160 ; 4.0 
161 ; 8.0 
162 ; 3.0 
163 ; 3.0 
164 ; 3.0 
165 ; 1.0 
166 ; 1.0 
167 ; 1.0 
168 ; 1.0 
169 ; 1.0 
170 ; 1.0 
171 ; 1.0 
172 ; 1.0 
173 ; 5.0 
174 ; 5.0 
175 ; 6.0 
176 ; 2.0 
177 ; 3.0 
178 ; 7.0 
179 ; 10.0 
180 ; 2.0 
181 ; 2.0 
182 ; 4.0 
183 ; 7.0 
184 ; 5.0 
185 ; 10.0 
186 ; 5.0 
187 ; 10.0 
188 ; 4.0 
189 ; 1.0 
190 ; 6.0 
191 ; 4.0 
192 ; 2.0 
193 ; 4.0 
194 ; 6.0 
195 ; 6.0 
196 ; 4.0 
197 ; 3.0 
198 ; 4.0 
199 ; 5.0 
200 ; 2.0 
201 ; 7.0 
202 ; 11.0 
203 ; 9.0 
204 ; 3.0 
205 ; 2.0 
206 ; 1.0 
207 ; 5.0 
208 ; 7.0 
209 ; 1.0 
210 ; 1.0 
211 ; 1.0 
212 ; 1.0 
213 ; 2.0 
214 ; 1.0 
215 ; 1.0 
216 ; 2.0 
217 ; 7.0 
218 ; 6.0 
219 ; 6.0 
220 ; 6.0 
221 ; 5.0 
222 ; 1.0 
223 ; 0.0 
224 ; 0.0 
225 ; 6.0 
226 ; 5.0 
227 ; 3.0 
228 ; 4.0 
229 ; 3.0 
230 ; 2.0 
231 ; 1.0 
232 ; 1.0 
233 ; 9.0 
234 ; 11.0 
235 ; 1.0 
236 ; 2.0 
237 ; 6.0 
238 ; 3.0 
239 ; 7.0 
240 ; 7.0 
241 ; 8.0 
242 ; 10.0 
243 ; 9.0 
244 ; 1.0 
245 ; 1.0 
246 ; 4.0 
247 ; 2.0 
248 ; 3.0 
249 ; 3.0 
250 ; 1.0 
251 ; 3.0 
252 ; 3.0 
253 ; 3.0 
254 ; 4.0 
255 ; 4.0 
256 ; 4.0 
257 ; 2.0 
258 ; 3.0 
259 ; 1.0 
260 ; 3.0 
261 ; 1.0 
262 ; 11.0 
263 ; 10.0 
264 ; 2.0 
265 ; 2.0 
266 ; 2.0 
267 ; 2.0 
268 ; 3.0 
269 ; 2.0 
270 ; 6.0 
271 ; 7.0 
272 ; 1.0 
273 ; 1.0 
274 ; 1.0 
275 ; 4.0 
276 ; 4.0 
277 ; 9.0 
278 ; 2.0 
279 ; 6.0 
280 ; 0.0 
281 ; 5.0 
282 ; 8.0 
283 ; 7.0 
284 ; 3.0 
285 ; 1.0 
286 ; 2.0 
287 ; 1.0 
288 ; 1.0 
289 ; 2.0 
290 ; 5.0 
291 ; 6.0 
292 ; 6.0 
293 ; 4.0 
294 ; 3.0 
295 ; 3.0 
296 ; 4.0 
297 ; 4.0 
298 ; 3.0 
299 ; 4.0 
300 ; 3.0 
301 ; 4.0 
302 ; 5.0 
303 ; 7.0 
304 ; 3.0 
305 ; 2.0 
306 ; 6.0 
307 ; 1.0 
308 ; 1.0 
309 ; 1.0 
310 ; 1.0 
311 ; 7.0 
312 ; 3.0 
313 ; 4.0 
314 ; 1.0 
315 ; 3.0 
316 ; 2.0 
317 ; 4.0 
318 ; 1.0 
319 ; 1.0 
320 ; 1.0 
321 ; 1.0 
322 ; 1.0 
323 ; 1.0 
324 ; 7.0 
325 ; 7.0 
326 ; 2.0 
327 ; 3.0 
328 ; 1.0 
329 ; 2.0 
330 ; 4.0 
331 ; 1.0 
332 ; 2.0 
333 ; 2.0 
334 ; 2.0 
335 ; 3.0 
336 ; 3.0 
337 ; 2.0 
338 ; 1.0 
339 ; 3.0 
340 ; 3.0 
341 ; 2.0 
342 ; 2.0 
343 ; 3.0 
344 ; 2.0 
345 ; 1.0 
346 ; 2.0 
347 ; 1.0 
348 ; 1.0 
349 ; 4.0 
350 ; 1.0 
351 ; 4.0 
352 ; 1.0 
353 ; 2.0 
354 ; 3.0 
355 ; 1.0 
356 ; 1.0 
357 ; 1.0 
358 ; 1.0 
359 ; 4.0 
360 ; 1.0 
361 ; 3.0 
362 ; 2.0 
363 ; 3.0 
364 ; 3.0 
365 ; 4.0 
366 ; 4.0 
367 ; 3.0 
368 ; 5.0 
369 ; 4.0 
370 ; 12.0 
371 ; 12.0 
372 ; 0.0 
373 ; 5.0 
374 ; 7.0 
375 ; 6.0 
376 ; 3.0 
377 ; 3.0 
378 ; 4.0 
379 ; 3.0 
380 ; 4.0 
381 ; 5.0 
382 ; 5.0 
383 ; 3.0 
384 ; 3.0 
385 ; 6.0 
386 ; 4.0 
387 ; 1.0 
388 ; 2.0 
389 ; 5.0 
390 ; 5.0 
391 ; 3.0 
392 ; 3.0 
393 ; 2.0 
394 ; 0.0 
395 ; 3.0 
396 ; 3.0 
397 ; 1.0 
398 ; 2.0 
399 ; 4.0 
400 ; 3.0 
401 ; 4.0 
402 ; 2.0 
403 ; 4.0 
404 ; 1.0 
405 ; 3.0 
406 ; 2.0 
407 ; 2.0 
408 ; 2.0 
409 ; 2.0 
410 ; 5.0 
411 ; 4.0 
412 ; 4.0 
413 ; 4.0 
414 ; 4.0 
415 ; 7.0 
416 ; 4.0 
417 ; 7.0 
418 ; 5.0 
419 ; 0.0 
420 ; 6.0 
421 ; 6.0 
422 ; 5.0 
423 ; 10.0 
424 ; 1.0 
425 ; 1.0 
426 ; 7.0 
427 ; 2.0 
428 ; 4.0 
429 ; 5.0 
430 ; 0.0 
431 ; 1.0 
432 ; 6.0 
433 ; 4.0 
434 ; 1.0 
435 ; 4.0 
436 ; 4.0 
437 ; 1.0 
438 ; 0.0 
439 ; 9.0 
440 ; 10.0 
441 ; 1.0 
442 ; 0.0 
443 ; 1.0 
444 ; 2.0 
445 ; 1.0 
446 ; 0.0 
447 ; 2.0 
448 ; 4.0 
449 ; 7.0 
450 ; 7.0 
451 ; 8.0 
452 ; 5.0 
453 ; 2.0 
454 ; 3.0 
455 ; 3.0 
456 ; 4.0 
457 ; 7.0 
458 ; 6.0 
459 ; 2.0 
460 ; 2.0 
461 ; 1.0 
462 ; 1.0 
463 ; 1.0 
464 ; 5.0 
465 ; 7.0 
466 ; 2.0 
467 ; 1.0 
468 ; 3.0 
469 ; 4.0 
470 ; 3.0 
471 ; 1.0 
472 ; 11.0 
473 ; 10.0 
474 ; 1.0 
475 ; 1.0 
476 ; 4.0 
477 ; 4.0 
478 ; 0.0 
479 ; 10.0 
480 ; 11.0 
481 ; 1.0 
482 ; 0.0 
483 ; 0.0 
484 ; 0.0 
485 ; 0.0 
486 ; 0.0 
487 ; 10.0 
488 ; 8.0 
489 ; 2.0 
490 ; 7.0 
491 ; 8.0 
492 ; 3.0 
493 ; 7.0 
494 ; 2.0 
495 ; 3.0 
496 ; 5.0 
497 ; 16.0 
498 ; 1.0 
499 ; 13.0 
500 ; 7.0 
501 ; 5.0 
502 ; 5.0 
503 ; 0.0 
504 ; 1.0 
505 ; 9.0 
506 ; 6.0 
507 ; 11.0 
508 ; 1.0 
509 ; 0.0 
510 ; 0.0 
511 ; 1.0 
512 ; 0.0 
513 ; 5.0 
514 ; 5.0 
515 ; 10.0 
516 ; 11.0 
517 ; 4.0 
518 ; 10.0 
519 ; 12.0 
520 ; 4.0 
521 ; 3.0 
522 ; 3.0 
523 ; 1.0 
524 ; 4.0 
525 ; 1.0 
526 ; 3.0 
527 ; 13.0 
528 ; 7.0 
529 ; 3.0 
530 ; 4.0 
531 ; 0.0 
532 ; 4.0 
533 ; 2.0 
534 ; 0.0 
535 ; 0.0 
536 ; 0.0 
537 ; 5.0 
538 ; 5.0 
539 ; 1.0 
540 ; 1.0 
541 ; 0.0 
542 ; 3.0 
543 ; 4.0 
544 ; 8.0 
545 ; 4.0 
546 ; 5.0 
547 ; 5.0 
548 ; 0.0 
549 ; 8.0 
550 ; 1.0 
551 ; 4.0 
552 ; 1.0 
553 ; 3.0 
554 ; 4.0 
555 ; 1.0 
556 ; 5.0 
557 ; 8.0 
558 ; 6.0 
559 ; 5.0 
560 ; 2.0 
561 ; 3.0 
562 ; 3.0 
563 ; 7.0 
564 ; 6.0 
565 ; 4.0 
566 ; 3.0 
567 ; 4.0 
568 ; 5.0 
569 ; 1.0 
570 ; 3.0 
571 ; 5.0 
572 ; 4.0 
573 ; 11.0 
574 ; 8.0 
575 ; 8.0 
576 ; 4.0 
577 ; 0.0 
578 ; 2.0 
579 ; 6.0 
580 ; 5.0 
581 ; 5.0 
582 ; 0.0 
583 ; 3.0 
584 ; 2.0 
585 ; 2.0 
586 ; 5.0 
587 ; 6.0 
588 ; 6.0 
589 ; 3.0 
590 ; 5.0 
591 ; 1.0 
592 ; 2.0 
593 ; 7.0 
594 ; 2.0 
595 ; 7.0 
596 ; 4.0 
597 ; 2.0 
598 ; 1.0 
599 ; 1.0 
600 ; 5.0 
601 ; 4.0 
602 ; 5.0 
603 ; 4.0 
604 ; 1.0 
605 ; 10.0 
606 ; 8.0 
607 ; 2.0 
608 ; 7.0 
609 ; 3.0 
610 ; 4.0 
611 ; 4.0 
612 ; 4.0 
613 ; 4.0 
614 ; 3.0 
615 ; 4.0 
616 ; 3.0 
617 ; 4.0 
618 ; 1.0 
619 ; 1.0 
620 ; 1.0 
621 ; 2.0 
622 ; 3.0 
623 ; 2.0 
624 ; 2.0 
625 ; 4.0 
626 ; 5.0 
627 ; 3.0 
628 ; 0.0 
629 ; 0.0 
630 ; 4.0 
631 ; 4.0 
632 ; 7.0 
633 ; 7.0 
634 ; 1.0 
635 ; 3.0 
636 ; 6.0 
637 ; 1.0 
638 ; 1.0 
639 ; 3.0 
640 ; 2.0 
641 ; 1.0 
642 ; 6.0 
643 ; 7.0 
644 ; 3.0 
645 ; 0.0 
646 ; 3.0 
647 ; 5.0 
648 ; 4.0 
649 ; 0.0 
650 ; 0.0 
651 ; 0.0 
652 ; 1.0 
653 ; 1.0 
654 ; 1.0 
655 ; 1.0 
656 ; 0.0 
657 ; 10.0 
658 ; 7.0 
659 ; 7.0 
660 ; 7.0 
661 ; 3.0 
662 ; 7.0 
663 ; 4.0 
664 ; 5.0 
665 ; 0.0 
666 ; 0.0 
667 ; 1.0 
668 ; 2.0 
669 ; 3.0 
670 ; 4.0 
671 ; 4.0 
672 ; 3.0 
673 ; 6.0 
674 ; 6.0 
675 ; 1.0 
676 ; 2.0 
677 ; 1.0 
678 ; 5.0 
679 ; 4.0 
680 ; 12.0 
681 ; 12.0 
682 ; 5.0 
683 ; 4.0 
684 ; 5.0 
685 ; 4.0 
686 ; 20.0 
687 ; 3.0 
688 ; 4.0 
689 ; 4.0 
690 ; 1.0 
691 ; 2.0 
692 ; 2.0 
693 ; 0.0 
694 ; 6.0 
695 ; 8.0 
696 ; 1.0 
697 ; 7.0 
698 ; 7.0 
699 ; 2.0 
700 ; 0.0 
701 ; 1.0 
702 ; 1.0 
703 ; 1.0 
704 ; 1.0 
705 ; 0.0 
706 ; 0.0 
707 ; 3.0 
708 ; 3.0 
709 ; 0.0 
710 ; 0.0 
711 ; 3.0 
712 ; 3.0 
713 ; 1.0 
714 ; 1.0 
715 ; 1.0 
716 ; 1.0 
717 ; 3.0 
718 ; 3.0 
719 ; 4.0 
720 ; 4.0 
721 ; 5.0 
722 ; 5.0 
723 ; 8.0 
724 ; 5.0 
725 ; 9.0 
726 ; 1.0 
727 ; 0.0 
728 ; 2.0 
729 ; 3.0 
730 ; 10.0 
731 ; 4.0 
732 ; 1.0 
733 ; 6.0 
734 ; 6.0 
735 ; 11.0 
736 ; 4.0 
737 ; 1.0 
738 ; 4.0 
739 ; 1.0 
740 ; 4.0 
741 ; 4.0 
742 ; 5.0 
743 ; 5.0 
744 ; 5.0 
745 ; 3.0 
746 ; 2.0 
747 ; 1.0 
748 ; 1.0 
749 ; 3.0 
750 ; 3.0 
751 ; 6.0 
752 ; 2.0 
753 ; 5.0 
754 ; 1.0 
755 ; 1.0 
756 ; 3.0 
757 ; 3.0 
758 ; 2.0 
759 ; 5.0 
760 ; 7.0 
761 ; 1.0 
762 ; 5.0 
763 ; 2.0 
764 ; 4.0 
765 ; 4.0 
766 ; 1.0 
767 ; 1.0 
768 ; 10.0 
769 ; 4.0 
770 ; 14.0 
771 ; 6.0 
772 ; 5.0 
773 ; 8.0 
774 ; 5.0 
775 ; 1.0 
776 ; 1.0 
777 ; 6.0 
778 ; 4.0 
779 ; 4.0 
780 ; 5.0 
781 ; 2.0 
782 ; 2.0 
783 ; 6.0 
784 ; 5.0 
785 ; 1.0 
786 ; 3.0 
787 ; 0.0 
788 ; 0.0 
789 ; 0.0 
790 ; 3.0 
791 ; 3.0 
792 ; 2.0 
793 ; 7.0 
794 ; 6.0 
795 ; 2.0 
796 ; 2.0 
797 ; 1.0 
798 ; 8.0 
799 ; 11.0 
800 ; 5.0 
801 ; 4.0 
802 ; 1.0 
803 ; 0.0 
804 ; 3.0 
805 ; 0.0 
806 ; 8.0 
807 ; 8.0 
808 ; 5.0 
809 ; 8.0 
810 ; 4.0 
811 ; 0.0 
812 ; 11.0 
813 ; 2.0 
814 ; 3.0 
815 ; 7.0 
816 ; 0.0 
817 ; 3.0 
818 ; 5.0 
819 ; 3.0 
820 ; 0.0 
821 ; 5.0 
822 ; 6.0 
823 ; 11.0 
824 ; 22.0 
825 ; 4.0 
826 ; 8.0 
827 ; 14.0 
828 ; 6.0 
829 ; 2.0 
830 ; 1.0 
831 ; 1.0 
832 ; 1.0 
833 ; 0.0 
834 ; 0.0 
835 ; 0.0 
836 ; 0.0 
837 ; 1.0 
838 ; 12.0 
839 ; 14.0 
840 ; 0.0 
841 ; 4.0 
842 ; 5.0 
843 ; 1.0 
844 ; 2.0 
845 ; 4.0 
846 ; 4.0 
847 ; 2.0 
848 ; 2.0 
849 ; 3.0 
850 ; 3.0 
851 ; 2.0 
852 ; 4.0 
853 ; 3.0 
854 ; 1.0 
855 ; 6.0 
856 ; 6.0 
857 ; 2.0 
858 ; 3.0 
859 ; 1.0 
860 ; 2.0 
861 ; 2.0 
862 ; 5.0 
863 ; 5.0 
864 ; 7.0 
865 ; 7.0 
866 ; 2.0 
867 ; 3.0 
868 ; 3.0 
869 ; 3.0 
870 ; 4.0 
871 ; 1.0 
872 ; 1.0 
873 ; 4.0 
874 ; 3.0 
875 ; 3.0 
876 ; 3.0 
877 ; 9.0 
878 ; 10.0 
879 ; 3.0 
880 ; 5.0 
881 ; 2.0 
882 ; 1.0 
883 ; 1.0 
884 ; 2.0 
885 ; 5.0 
886 ; 6.0 
887 ; 6.0 
888 ; 4.0 
889 ; 7.0 
890 ; 1.0 
891 ; 1.0 
892 ; 4.0 
893 ; 4.0 
894 ; 6.0 
895 ; 6.0 
896 ; 7.0 
897 ; 6.0 
898 ; 2.0 
899 ; 3.0 
900 ; 3.0 
901 ; 3.0 
902 ; 3.0 
903 ; 3.0 
904 ; 1.0 
905 ; 1.0 
906 ; 1.0 
907 ; 7.0 
908 ; 7.0 
909 ; 6.0 
910 ; 7.0 
911 ; 6.0 
912 ; 2.0 
913 ; 1.0 
914 ; 4.0 
915 ; 3.0 
916 ; 1.0 
917 ; 7.0 
918 ; 4.0 
919 ; 1.0 
920 ; 0.0 
921 ; 3.0 
922 ; 3.0 
923 ; 1.0 
924 ; 1.0 
925 ; 1.0 
926 ; 3.0 
927 ; 4.0 
928 ; 4.0 
929 ; 3.0 
930 ; 3.0 
931 ; 3.0 
932 ; 0.0 
933 ; 3.0 
934 ; 2.0 
935 ; 9.0 
936 ; 5.0 
937 ; 1.0 
938 ; 1.0 
939 ; 7.0 
940 ; 4.0 
941 ; 2.0 
942 ; 0.0 
943 ; 5.0 
944 ; 5.0 
945 ; 3.0 
946 ; 1.0 
947 ; 1.0 
948 ; 1.0 
949 ; 1.0 
950 ; 4.0 
951 ; 1.0 
952 ; 0.0 
953 ; 0.0 
954 ; 4.0 
955 ; 5.0 
956 ; 0.0 
957 ; 0.0 
958 ; 2.0 
959 ; 2.0 
960 ; 1.0 
961 ; 2.0 
962 ; 1.0 
963 ; 1.0 
964 ; 4.0 
965 ; 5.0 
966 ; 2.0 
967 ; 2.0 
968 ; 5.0 
969 ; 1.0 
970 ; 3.0 
971 ; 1.0 
972 ; 2.0 
973 ; 8.0 
974 ; 9.0 
975 ; 0.0 
976 ; 0.0 
977 ; 1.0 
978 ; 3.0 
979 ; 2.0 
980 ; 1.0 
981 ; 1.0 
982 ; 17.0 
983 ; 17.0 
984 ; 9.0 
985 ; 7.0 
986 ; 6.0 
987 ; 8.0 
988 ; 7.0 
989 ; 1.0 
990 ; 12.0 
991 ; 6.0 
992 ; 6.0 
993 ; 1.0 
994 ; 1.0 
995 ; 5.0 
996 ; 8.0 
997 ; 4.0 
998 ; 4.0 
999 ; 7.0 
1000 ; 8.0 
1001 ; 5.0 
1002 ; 7.0 
1003 ; 4.0 
1004 ; 3.0 
1005 ; 2.0 
1006 ; 3.0 
1007 ; 4.0 
1008 ; 6.0 
1009 ; 3.0 
1010 ; 3.0 
1011 ; 7.0 
1012 ; 5.0 
1013 ; 8.0 
1014 ; 6.0 
1015 ; 2.0 
1016 ; 3.0 
1017 ; 1.0 
1018 ; 2.0 
1019 ; 3.0 
1020 ; 1.0 
1021 ; 1.0 
1022 ; 3.0 
1023 ; 3.0 
1024 ; 4.0 
1025 ; 4.0 
1026 ; 3.0 
1027 ; 3.0 
1028 ; 5.0 
1029 ; 6.0 
1030 ; 4.0 
1031 ; 3.0 
1032 ; 1.0 
1033 ; 1.0 
1034 ; 1.0 
1035 ; 2.0 
1036 ; 7.0 
1037 ; 7.0 
1038 ; 6.0 
1039 ; 0.0 
1040 ; 10.0 
1041 ; 11.0 
1042 ; 8.0 
1043 ; 5.0 
1044 ; 4.0 
1045 ; 3.0 
1046 ; 7.0 
1047 ; 1.0 
1048 ; 1.0 
1049 ; 7.0 
1050 ; 3.0 
1051 ; 1.0 
1052 ; 2.0 
1053 ; 1.0 
1054 ; 2.0 
1055 ; 1.0 
1056 ; 1.0 
1057 ; 1.0 
1058 ; 4.0 
1059 ; 3.0 
1060 ; 2.0 
1061 ; 0.0 
1062 ; 2.0 
1063 ; 1.0 
1064 ; 1.0 
1065 ; 2.0 
1066 ; 3.0 
1067 ; 2.0 
1068 ; 0.0 
1069 ; 4.0 
1070 ; 5.0 
1071 ; 1.0 
1072 ; 1.0 
1073 ; 6.0 
1074 ; 2.0 
1075 ; 8.0 
1076 ; 4.0 
1077 ; 0.0 
1078 ; 0.0 
1079 ; 3.0 
1080 ; 3.0 
1081 ; 9.0 
1082 ; 1.0 
1083 ; 5.0 
1084 ; 7.0 
1085 ; 7.0 
1086 ; 2.0 
1087 ; 1.0 
1088 ; 3.0 
1089 ; 7.0 
1090 ; 6.0 
1091 ; 3.0 
1092 ; 2.0 
1093 ; 4.0 
1094 ; 2.0 
1095 ; 2.0 
1096 ; 6.0 
1097 ; 7.0 
1098 ; 1.0 
1099 ; 1.0 
1100 ; 5.0 
1101 ; 0.0 
1102 ; 0.0 
1103 ; 0.0 
1104 ; 7.0 
1105 ; 6.0 
1106 ; 2.0 
1107 ; 4.0 
1108 ; 13.0 
1109 ; 5.0 
1110 ; 2.0 
1111 ; 12.0 
1112 ; 4.0 
1113 ; 9.0 
1114 ; 0.0 
1115 ; 3.0 
1116 ; 5.0 
1117 ; 5.0 
1118 ; 0.0 
1119 ; 5.0 
1120 ; 6.0 
1121 ; 0.0 
1122 ; 0.0 
1123 ; 0.0 
1124 ; 1.0 
1125 ; 0.0 
1126 ; 5.0 
1127 ; 5.0 
1128 ; 5.0 
1129 ; 7.0 
1130 ; 2.0 
1131 ; 2.0 
1132 ; 2.0 
1133 ; 1.0 
1134 ; 4.0 
1135 ; 7.0 
1136 ; 1.0 
1137 ; 8.0 
1138 ; 5.0 
1139 ; 6.0 
1140 ; 6.0 
1141 ; 2.0 
1142 ; 2.0 
1143 ; 2.0 
1144 ; 5.0 
1145 ; 10.0 
1146 ; 1.0 
1147 ; 0.0 
1148 ; 0.0 
1149 ; 3.0 
1150 ; 5.0 
1151 ; 0.0 
1152 ; 12.0 
1153 ; 13.0 
1154 ; 7.0 
1155 ; 4.0 
1156 ; 6.0 
1157 ; 3.0 
1158 ; 5.0 
1159 ; 5.0 
1160 ; 9.0 
1161 ; 9.0 
1162 ; 4.0 
1163 ; 3.0 
1164 ; 4.0 
1165 ; 6.0 
1166 ; 2.0 
1167 ; 3.0 
1168 ; 1.0 
1169 ; 1.0 
1170 ; 4.0 
1171 ; 5.0 
1172 ; 2.0 
1173 ; 2.0 
1174 ; 1.0 
1175 ; 1.0 
1176 ; 4.0 
1177 ; 3.0 
1178 ; 4.0 
1179 ; 0.0 
1180 ; 0.0 
1181 ; 2.0 
1182 ; 2.0 
1183 ; 2.0 
1184 ; 2.0 
1185 ; 1.0 
1186 ; 1.0 
1187 ; 2.0 
1188 ; 0.0 
1189 ; 3.0 
1190 ; 9.0 
1191 ; 5.0 
1192 ; 4.0 
1193 ; 5.0 
1194 ; 4.0 
1195 ; 5.0 
1196 ; 1.0 
1197 ; 6.0 
1198 ; 5.0 
1199 ; 1.0 
1200 ; 0.0 
1201 ; 0.0 
1202 ; 4.0 
1203 ; 4.0 
1204 ; 1.0 
1205 ; 2.0 
1206 ; 3.0 
1207 ; 3.0 
1208 ; 0.0 
1209 ; 4.0 
1210 ; 2.0 
1211 ; 4.0 
1212 ; 1.0 
1213 ; 2.0 
1214 ; 1.0 
1215 ; 4.0 
1216 ; 4.0 
1217 ; 3.0 
1218 ; 0.0 
1219 ; 0.0 
1220 ; 2.0 
1221 ; 3.0 
1222 ; 1.0 
1223 ; 1.0 
1224 ; 3.0 
1225 ; 4.0 
1226 ; 3.0 
1227 ; 4.0 
1228 ; 1.0 
1229 ; 1.0 
1230 ; 5.0 
1231 ; 4.0 
1232 ; 1.0 
1233 ; 1.0 
1234 ; 0.0 
1235 ; 0.0 
1236 ; 1.0 
1237 ; 2.0 
1238 ; 5.0 
1239 ; 4.0 
1240 ; 0.0 
1241 ; 4.0 
1242 ; 7.0 
1243 ; 5.0 
1244 ; 5.0 
1245 ; 3.0 
1246 ; 1.0 
1247 ; 2.0 
1248 ; 1.0 
1249 ; 1.0 
1250 ; 1.0 
1251 ; 1.0 
1252 ; 1.0 
1253 ; 1.0 
1254 ; 7.0 
1255 ; 7.0 
1256 ; 0.0 
1257 ; 6.0 
1258 ; 5.0 
1259 ; 4.0 
1260 ; 11.0 
1261 ; 1.0 
1262 ; 7.0 
1263 ; 5.0 
1264 ; 2.0 
1265 ; 6.0 
1266 ; 0.0 
1267 ; 7.0 
1268 ; 1.0 
1269 ; 0.0 
1270 ; 5.0 
1271 ; 7.0 
1272 ; 1.0 
1273 ; 7.0 
1274 ; 2.0 
1275 ; 3.0 
1276 ; 4.0 
1277 ; 8.0 
1278 ; 0.0 
1279 ; 10.0 
1280 ; 2.0 
1281 ; 2.0 
1282 ; 2.0 
1283 ; 2.0 
1284 ; 5.0 
1285 ; 2.0 
1286 ; 3.0 
1287 ; 1.0 
1288 ; 3.0 
1289 ; 3.0 
1290 ; 4.0 
1291 ; 1.0 
1292 ; 5.0 
1293 ; 7.0 
1294 ; 1.0 
1295 ; 3.0 
1296 ; 2.0 
1297 ; 7.0 
1298 ; 7.0 
1299 ; 0.0 
1300 ; 0.0 
1301 ; 0.0 
1302 ; 5.0 
1303 ; 6.0 
1304 ; 3.0 
1305 ; 4.0 
1306 ; 0.0 
1307 ; 1.0 
1308 ; 1.0 
1309 ; 6.0 
1310 ; 1.0 
1311 ; 2.0 
1312 ; 6.0 
1313 ; 2.0 
1314 ; 5.0 
1315 ; 8.0 
1316 ; 6.0 
1317 ; 5.0 
1318 ; 7.0 
1319 ; 5.0 
1320 ; 0.0 
1321 ; 1.0 
1322 ; 2.0 
1323 ; 4.0 
1324 ; 6.0 
1325 ; 3.0 
1326 ; 2.0 
1327 ; 1.0 
1328 ; 2.0 
1329 ; 3.0 
1330 ; 2.0 
1331 ; 5.0 
1332 ; 0.0 
1333 ; 6.0 
1334 ; 3.0 
1335 ; 4.0 
1336 ; 5.0 
1337 ; 6.0 
1338 ; 0.0 
1339 ; 8.0 
1340 ; 14.0 
1341 ; 4.0 
1342 ; 3.0 
1343 ; 10.0 
1344 ; 13.0 
1345 ; 5.0 
1346 ; 8.0 
1347 ; 2.0 
1348 ; 3.0 
1349 ; 3.0 
1350 ; 2.0 
1351 ; 9.0 
1352 ; 12.0 
1353 ; 1.0 
1354 ; 1.0 
1355 ; 1.0 
1356 ; 0.0 
1357 ; 4.0 
1358 ; 4.0 
1359 ; 2.0 
1360 ; 3.0 
1361 ; 3.0 
1362 ; 4.0 
1363 ; 5.0 
1364 ; 3.0 
1365 ; 7.0 
1366 ; 2.0 
1367 ; 1.0 
1368 ; 5.0 
1369 ; 2.0 
1370 ; 5.0 
1371 ; 13.0 
1372 ; 8.0 
1373 ; 6.0 
1374 ; 1.0 
1375 ; 5.0 
1376 ; 6.0 
1377 ; 1.0 
1378 ; 0.0 
1379 ; 1.0 
1380 ; 0.0 
1381 ; 7.0 
1382 ; 8.0 
1383 ; 1.0 
1384 ; 6.0 
1385 ; 5.0 
1386 ; 6.0 
1387 ; 5.0 
1388 ; 7.0 
1389 ; 7.0 
1390 ; 1.0 
1391 ; 2.0 
1392 ; 5.0 
1393 ; 7.0 
1394 ; 1.0 
1395 ; 1.0 
1396 ; 8.0 
1397 ; 9.0 
1398 ; 1.0 
1399 ; 1.0 
1400 ; 7.0 
1401 ; 7.0 
1402 ; 2.0 
1403 ; 0.0 
1404 ; 4.0 
1405 ; 1.0 
1406 ; 2.0 
1407 ; 3.0 
1408 ; 2.0 
1409 ; 6.0 
1410 ; 5.0 
1411 ; 5.0 
1412 ; 10.0 
1413 ; 6.0 
1414 ; 6.0 
1415 ; 6.0 
1416 ; 5.0 
1417 ; 3.0 
1418 ; 1.0 
1419 ; 1.0 
1420 ; 2.0 
1421 ; 3.0 
1422 ; 0.0 
1423 ; 3.0 
1424 ; 2.0 
1425 ; 5.0 
1426 ; 2.0 
1427 ; 1.0 
1428 ; 1.0 
1429 ; 1.0 
1430 ; 1.0 
1431 ; 0.0 
1432 ; 1.0 
1433 ; 1.0 
1434 ; 2.0 
1435 ; 2.0 
1436 ; 5.0 
1437 ; 5.0 
1438 ; 1.0 
1439 ; 3.0 
1440 ; 5.0 
1441 ; 3.0 
1442 ; 5.0 
1443 ; 13.0 
1444 ; 14.0 
1445 ; 3.0 
1446 ; 4.0 
1447 ; 3.0 
1448 ; 3.0 
1449 ; 2.0 
1450 ; 2.0 
1451 ; 7.0 
1452 ; 3.0 
1453 ; 0.0 
1454 ; 5.0 
1455 ; 2.0 
1456 ; 5.0 
1457 ; 5.0 
1458 ; 5.0 
1459 ; 6.0 
1460 ; 1.0 
1461 ; 1.0 
1462 ; 0.0 
1463 ; 0.0 
1464 ; 3.0 
1465 ; 7.0 
1466 ; 6.0 
1467 ; 0.0 
1468 ; 2.0 
1469 ; 2.0 
1470 ; 3.0 
1471 ; 2.0 
1472 ; 2.0 
1473 ; 8.0 
1474 ; 8.0 
1475 ; 6.0 
1476 ; 0.0 
1477 ; 0.0 
1478 ; 4.0 
1479 ; 1.0 
1480 ; 6.0 
1481 ; 6.0 
1482 ; 5.0 
1483 ; 1.0 
1484 ; 6.0 
1485 ; 7.0 
1486 ; 1.0 
1487 ; 4.0 
1488 ; 3.0 
1489 ; 1.0 
1490 ; 1.0 
1491 ; 6.0 
1492 ; 5.0 
1493 ; 3.0 
1494 ; 10.0 
1495 ; 4.0 
1496 ; 3.0 
1497 ; 4.0 
1498 ; 2.0 
1499 ; 2.0 
1500 ; 4.0 
1501 ; 4.0 
1502 ; 5.0 
1503 ; 3.0 
1504 ; 2.0 
1505 ; 3.0 
1506 ; 2.0 
1507 ; 3.0 
1508 ; 5.0 
1509 ; 4.0 
1510 ; 5.0 
1511 ; 0.0 
1512 ; 3.0 
1513 ; 2.0 
1514 ; 5.0 
1515 ; 5.0 
1516 ; 6.0 
1517 ; 6.0 
1518 ; 4.0 
1519 ; 7.0 
1520 ; 8.0 
1521 ; 8.0 
1522 ; 6.0 
1523 ; 5.0 
1524 ; 5.0 
1525 ; 1.0 
1526 ; 1.0 
1527 ; 4.0 
1528 ; 3.0 
1529 ; 2.0 
1530 ; 1.0 
1531 ; 7.0 
1532 ; 4.0 
1533 ; 6.0 
1534 ; 3.0 
1535 ; 2.0 
1536 ; 1.0 
1537 ; 1.0 
1538 ; 6.0 
1539 ; 7.0 
1540 ; 4.0 
1541 ; 4.0 
1542 ; 5.0 
1543 ; 5.0 
1544 ; 4.0 
1545 ; 3.0 
1546 ; 0.0 
1547 ; 0.0 
1548 ; 2.0 
1549 ; 1.0 
1550 ; 1.0 
1551 ; 3.0 
1552 ; 2.0 
1553 ; 3.0 
1554 ; 7.0 
1555 ; 2.0 
1556 ; 2.0 
1557 ; 2.0 
1558 ; 5.0 
1559 ; 1.0 
1560 ; 1.0 
1561 ; 3.0 
1562 ; 0.0 
1563 ; 3.0 
1564 ; 3.0 
1565 ; 3.0 
1566 ; 5.0 
1567 ; 6.0 
1568 ; 0.0 
1569 ; 0.0 
1570 ; 3.0 
1571 ; 3.0 
1572 ; 0.0 
1573 ; 4.0 
1574 ; 3.0 
1575 ; 2.0 
1576 ; 1.0 
1577 ; 2.0 
1578 ; 1.0 
1579 ; 5.0 
1580 ; 8.0 
1581 ; 1.0 
1582 ; 2.0 
1583 ; 5.0 
1584 ; 7.0 
1585 ; 5.0 
1586 ; 4.0 
1587 ; 5.0 
1588 ; 2.0 
1589 ; 5.0 
1590 ; 5.0 
1591 ; 11.0 
1592 ; 3.0 
1593 ; 1.0 
1594 ; 3.0 
1595 ; 7.0 
1596 ; 1.0 
1597 ; 2.0 
1598 ; 5.0 
1599 ; 6.0 
1600 ; 5.0 
1601 ; 5.0 
1602 ; 16.0 
1603 ; 18.0 
1604 ; 0.0 
1605 ; 8.0 
1606 ; 4.0 
1607 ; 8.0 
1608 ; 10.0 
1609 ; 1.0 
1610 ; 1.0 
1611 ; 1.0 
1612 ; 3.0 
1613 ; 8.0 
1614 ; 8.0 
1615 ; 5.0 
1616 ; 7.0 
1617 ; 3.0 
1618 ; 7.0 
1619 ; 3.0 
1620 ; 1.0 
1621 ; 1.0 
1622 ; 1.0 
1623 ; 6.0 
1624 ; 7.0 
1625 ; 1.0 
1626 ; 1.0 
1627 ; 1.0 
1628 ; 3.0 
1629 ; 5.0 
1630 ; 20.0 
1631 ; 1.0 
1632 ; 2.0 
1633 ; 5.0 
1634 ; 8.0 
1635 ; 8.0 
1636 ; 5.0 
1637 ; 5.0 
1638 ; 1.0 
1639 ; 0.0 
1640 ; 1.0 
1641 ; 4.0 
1642 ; 1.0 
1643 ; 3.0 
1644 ; 4.0 
1645 ; 5.0 
1646 ; 4.0 
1647 ; 3.0 
1648 ; 7.0 
1649 ; 3.0 
1650 ; 2.0 
1651 ; 2.0 
1652 ; 2.0 
1653 ; 1.0 
1654 ; 3.0 
1655 ; 3.0 
1656 ; 3.0 
1657 ; 3.0 
1658 ; 1.0 
1659 ; 4.0 
1660 ; 5.0 
1661 ; 5.0 
1662 ; 4.0 
1663 ; 9.0 
1664 ; 6.0 
1665 ; 4.0 
1666 ; 1.0 
1667 ; 3.0 
1668 ; 5.0 
1669 ; 4.0 
1670 ; 5.0 
1671 ; 5.0 
1672 ; 4.0 
1673 ; 5.0 
1674 ; 4.0 
1675 ; 3.0 
1676 ; 4.0 
1677 ; 3.0 
1678 ; 0.0 
1679 ; 6.0 
1680 ; 1.0 
1681 ; 6.0 
1682 ; 11.0 
1683 ; 6.0 
1684 ; 1.0 
1685 ; 1.0 
1686 ; 5.0 
1687 ; 6.0 
1688 ; 3.0 
1689 ; 0.0 
1690 ; 5.0 
1691 ; 5.0 
1692 ; 5.0 
1693 ; 1.0 
1694 ; 3.0 
1695 ; 1.0 
1696 ; 2.0 
1697 ; 2.0 
1698 ; 3.0 
1699 ; 1.0 
1700 ; 5.0 
1701 ; 4.0 
1702 ; 2.0 
1703 ; 4.0 
1704 ; 5.0 
1705 ; 5.0 
1706 ; 7.0 
1707 ; 4.0 
1708 ; 5.0 
1709 ; 6.0 
1710 ; 5.0 
1711 ; 3.0 
1712 ; 5.0 
1713 ; 4.0 
1714 ; 7.0 
1715 ; 9.0 
1716 ; 0.0 
1717 ; 5.0 
1718 ; 1.0 
1719 ; 1.0 
1720 ; 1.0 
1721 ; 1.0 
1722 ; 4.0 
1723 ; 1.0 
1724 ; 9.0 
1725 ; 10.0 
1726 ; 6.0 
1727 ; 5.0 
1728 ; 1.0 
1729 ; 2.0 
1730 ; 3.0 
1731 ; 3.0 
1732 ; 3.0 
1733 ; 3.0 
1734 ; 1.0 
1735 ; 1.0 
1736 ; 3.0 
1737 ; 4.0 
1738 ; 2.0 
1739 ; 1.0 
1740 ; 2.0 
1741 ; 1.0 
1742 ; 2.0 
1743 ; 2.0 
1744 ; 2.0 
1745 ; 1.0 
1746 ; 3.0 
1747 ; 3.0 
1748 ; 5.0 
1749 ; 2.0 
1750 ; 1.0 
1751 ; 4.0 
1752 ; 5.0 
1753 ; 0.0 
1754 ; 5.0 
1755 ; 2.0 
1756 ; 2.0 
1757 ; 3.0 
1758 ; 3.0 
1759 ; 1.0 
1760 ; 2.0 
1761 ; 2.0 
1762 ; 1.0 
1763 ; 3.0 
1764 ; 3.0 
1765 ; 1.0 
1766 ; 1.0 
1767 ; 6.0 
1768 ; 8.0 
1769 ; 2.0 
1770 ; 1.0 
1771 ; 1.0 
1772 ; 3.0 
1773 ; 3.0 
1774 ; 1.0 
1775 ; 1.0 
1776 ; 2.0 
1777 ; 4.0 
1778 ; 5.0 
1779 ; 9.0 
1780 ; 3.0 
1781 ; 2.0 
1782 ; 0.0 
1783 ; 1.0 
1784 ; 1.0 
1785 ; 4.0 
1786 ; 1.0 
1787 ; 1.0 
1788 ; 1.0 
1789 ; 0.0 
1790 ; 6.0 
1791 ; 4.0 
1792 ; 1.0 
1793 ; 5.0 
1794 ; 4.0 
1795 ; 9.0 
1796 ; 16.0 
1797 ; 5.0 
1798 ; 3.0 
1799 ; 6.0 
1800 ; 3.0 
1801 ; 2.0 
1802 ; 6.0 
1803 ; 6.0 
1804 ; 4.0 
1805 ; 5.0 
1806 ; 3.0 
1807 ; 3.0 
1808 ; 3.0 
1809 ; 2.0 
1810 ; 3.0 
1811 ; 2.0 
1812 ; 4.0 
1813 ; 5.0 
1814 ; 5.0 
1815 ; 6.0 
1816 ; 2.0 
1817 ; 1.0 
1818 ; 1.0 
1819 ; 3.0 
1820 ; 1.0 
1821 ; 1.0 
1822 ; 1.0 
1823 ; 1.0 
1824 ; 5.0 
1825 ; 5.0 
1826 ; 5.0 
1827 ; 5.0 
1828 ; 7.0 
1829 ; 5.0 
1830 ; 7.0 
1831 ; 3.0 
1832 ; 4.0 
1833 ; 5.0 
1834 ; 8.0 
1835 ; 3.0 
1836 ; 1.0 
1837 ; 1.0 
1838 ; 0.0 
1839 ; 10.0 
1840 ; 9.0 
1841 ; 5.0 
1842 ; 4.0 
1843 ; 0.0 
1844 ; 2.0 
1845 ; 3.0 
1846 ; 7.0 
1847 ; 4.0 
1848 ; 2.0 
1849 ; 3.0 
1850 ; 2.0 
1851 ; 2.0 
1852 ; 3.0 
1853 ; 1.0 
1854 ; 1.0 
1855 ; 2.0 
1856 ; 1.0 
1857 ; 3.0 
1858 ; 2.0 
1859 ; 2.0 
1860 ; 3.0 
1861 ; 1.0 
1862 ; 16.0 
1863 ; 17.0 
1864 ; 7.0 
1865 ; 3.0 
1866 ; 1.0 
1867 ; 1.0 
1868 ; 1.0 
1869 ; 2.0 
1870 ; 6.0 
1871 ; 7.0 
1872 ; 1.0 
1873 ; 1.0 
1874 ; 6.0 
1875 ; 1.0 
1876 ; 2.0 
1877 ; 1.0 
1878 ; 1.0 
1879 ; 1.0 
1880 ; 1.0 
1881 ; 2.0 
1882 ; 2.0 
1883 ; 2.0 
1884 ; 8.0 
1885 ; 1.0 
1886 ; 7.0 
1887 ; 1.0 
1888 ; 1.0 
1889 ; 7.0 
1890 ; 5.0 
1891 ; 1.0 
1892 ; 6.0 
1893 ; 4.0 
1894 ; 2.0 
1895 ; 1.0 
1896 ; 1.0 
1897 ; 1.0 
1898 ; 4.0 
1899 ; 3.0 
1900 ; 1.0 
1901 ; 0.0 
1902 ; 6.0 
1903 ; 4.0 
1904 ; 3.0 
1905 ; 2.0 
1906 ; 3.0 
1907 ; 3.0 
1908 ; 0.0 
1909 ; 3.0 
1910 ; 4.0 
1911 ; 2.0 
1912 ; 3.0 
1913 ; 1.0 
1914 ; 1.0 
1915 ; 2.0 
1916 ; 2.0 
1917 ; 2.0 
1918 ; 2.0 
1919 ; 4.0 
1920 ; 7.0 
1921 ; 1.0 
1922 ; 1.0 
1923 ; 9.0 
1924 ; 3.0 
1925 ; 3.0 
1926 ; 1.0 
1927 ; 0.0 
1928 ; 1.0 
1929 ; 4.0 
1930 ; 7.0 
1931 ; 7.0 
1932 ; 6.0 
1933 ; 3.0 
1934 ; 3.0 
1935 ; 4.0 
1936 ; 7.0 
1937 ; 6.0 
1938 ; 8.0 
1939 ; 2.0 
1940 ; 13.0 
1941 ; 3.0 
1942 ; 2.0 
1943 ; 1.0 
1944 ; 11.0 
1945 ; 10.0 
1946 ; 8.0 
1947 ; 7.0 
1948 ; 2.0 
1949 ; 2.0 
1950 ; 1.0 
1951 ; 7.0 
1952 ; 5.0 
1953 ; 9.0 
1954 ; 10.0 
1955 ; 5.0 
1956 ; 4.0 
1957 ; 5.0 
1958 ; 4.0 
1959 ; 3.0 
1960 ; 0.0 
1961 ; 0.0 
1962 ; 0.0 
1963 ; 2.0 
1964 ; 5.0 
1965 ; 6.0 
1966 ; 3.0 
1967 ; 1.0 
1968 ; 6.0 
1969 ; 9.0 
1970 ; 8.0 
1971 ; 4.0 
1972 ; 4.0 
1973 ; 3.0 
1974 ; 0.0 
1975 ; 2.0 
1976 ; 0.0 
1977 ; 0.0 
1978 ; 7.0 
1979 ; 5.0 
1980 ; 1.0 
1981 ; 5.0 
1982 ; 6.0 
1983 ; 2.0 
1984 ; 6.0 
1985 ; 5.0 
1986 ; 0.0 
1987 ; 0.0 
1988 ; 2.0 
1989 ; 8.0 
1990 ; 0.0 
1991 ; 0.0 
1992 ; 0.0 
1993 ; 11.0 
1994 ; 9.0 
1995 ; 12.0 
1996 ; 7.0 
1997 ; 5.0 
1998 ; 8.0 
1999 ; 5.0 
2000 ; 4.0 
2001 ; 5.0 
2002 ; 6.0 
2003 ; 8.0 
2004 ; 0.0 
2005 ; 0.0 
2006 ; 7.0 
2007 ; 1.0 
2008 ; 1.0 
2009 ; 1.0 
2010 ; 1.0 
2011 ; 5.0 
2012 ; 7.0 
2013 ; 3.0 
2014 ; 0.0 
2015 ; 1.0 
2016 ; 1.0 
2017 ; 2.0 
2018 ; 2.0 
2019 ; 4.0 
2020 ; 4.0 
2021 ; 5.0 
2022 ; 9.0 
2023 ; 8.0 
2024 ; 2.0 
2025 ; 5.0 
2026 ; 2.0 
2027 ; 2.0 
2028 ; 1.0 
2029 ; 3.0 
2030 ; 1.0 
2031 ; 1.0 
2032 ; 4.0 
2033 ; 1.0 
2034 ; 1.0 
2035 ; 2.0 
2036 ; 6.0 
2037 ; 9.0 
2038 ; 9.0 
2039 ; 5.0 
2040 ; 2.0 
2041 ; 1.0 
2042 ; 4.0 
2043 ; 7.0 
2044 ; 7.0 
2045 ; 5.0 
2046 ; 0.0 
2047 ; 0.0 
2048 ; 0.0 
2049 ; 0.0 
2050 ; 1.0 
2051 ; 2.0 
2052 ; 2.0 
2053 ; 2.0 
2054 ; 1.0 
2055 ; 1.0 
2056 ; 2.0 
2057 ; 1.0 
2058 ; 4.0 
2059 ; 3.0 
2060 ; 4.0 
2061 ; 3.0 
2062 ; 4.0 
2063 ; 4.0 
2064 ; 4.0 
2065 ; 5.0 
2066 ; 5.0 
2067 ; 4.0 
2068 ; 5.0 
2069 ; 5.0 
2070 ; 5.0 
2071 ; 4.0 
2072 ; 4.0 
2073 ; 5.0 
2074 ; 2.0 
2075 ; 1.0 
2076 ; 3.0 
2077 ; 3.0 
2078 ; 3.0 
2079 ; 3.0 
2080 ; 1.0 
2081 ; 2.0 
2082 ; 2.0 
2083 ; 2.0 
2084 ; 2.0 
2085 ; 2.0 
2086 ; 1.0 
2087 ; 1.0 
2088 ; 1.0 
2089 ; 1.0 
2090 ; 1.0 
2091 ; 2.0 
2092 ; 2.0 
2093 ; 1.0 
2094 ; 1.0 
2095 ; 2.0 
2096 ; 1.0 
2097 ; 2.0 
2098 ; 3.0 
2099 ; 1.0 
2100 ; 2.0 
2101 ; 2.0 
2102 ; 1.0 
2103 ; 1.0 
2104 ; 2.0 
2105 ; 3.0 
2106 ; 3.0 
2107 ; 3.0 
2108 ; 3.0 
2109 ; 3.0 
2110 ; 0.0 
2111 ; 3.0 
2112 ; 3.0 
2113 ; 1.0 
2114 ; 1.0 
2115 ; 1.0 
2116 ; 1.0 
2117 ; 1.0 
2118 ; 1.0 
2119 ; 1.0 
2120 ; 1.0 
2121 ; 9.0 
2122 ; 9.0 
2123 ; 9.0 
2124 ; 0.0 
2125 ; 0.0 
2126 ; 0.0 
2127 ; 1.0 
2128 ; 1.0 
2129 ; 5.0 
2130 ; 5.0 
2131 ; 5.0 
2132 ; 5.0 
2133 ; 5.0 
2134 ; 5.0 
2135 ; 3.0 
2136 ; 11.0 
2137 ; 2.0 
2138 ; 4.0 
2139 ; 12.0 
2140 ; 8.0 
2141 ; 1.0 
2142 ; 4.0 
2143 ; 4.0 
2144 ; 1.0 
2145 ; 1.0 
2146 ; 1.0 
2147 ; 2.0 
2148 ; 1.0 
2149 ; 3.0 
2150 ; 11.0 
2151 ; 0.0 
2152 ; 0.0 
2153 ; 0.0 
2154 ; 0.0 
2155 ; 4.0 
2156 ; 2.0 
2157 ; 4.0 
2158 ; 2.0 
2159 ; 4.0 
2160 ; 2.0 
2161 ; 7.0 
2162 ; 5.0 
2163 ; 5.0 
2164 ; 7.0 
2165 ; 7.0 
2166 ; 5.0 
2167 ; 4.0 
2168 ; 5.0 
2169 ; 11.0 
2170 ; 4.0 
2171 ; 2.0 
2172 ; 2.0 
2173 ; 4.0 
2174 ; 4.0 
2175 ; 2.0 
2176 ; 2.0 
2177 ; 2.0 
2178 ; 4.0 
2179 ; 5.0 
2180 ; 7.0 
2181 ; 3.0 
2182 ; 10.0 
2183 ; 6.0 
2184 ; 8.0 
2185 ; 10.0 
2186 ; 8.0 
2187 ; 1.0 
2188 ; 1.0 
2189 ; 0.0 
2190 ; 1.0 
2191 ; 1.0 
2192 ; 6.0 
2193 ; 8.0 
2194 ; 6.0 
2195 ; 8.0 
2196 ; 6.0 
2197 ; 1.0 
2198 ; 1.0 
2199 ; 8.0 
2200 ; 0.0 
2201 ; 0.0 
2202 ; 0.0 
2203 ; 0.0 
2204 ; 0.0 
2205 ; 0.0 
2206 ; 0.0 
2207 ; 0.0 
2208 ; 0.0 
2209 ; 0.0 
2210 ; 0.0 
2211 ; 0.0 
2212 ; 0.0 
2213 ; 0.0 
2214 ; 0.0 
2215 ; 0.0 
2216 ; 0.0 
2217 ; 0.0 
2218 ; 0.0 
2219 ; 0.0 
2220 ; 0.0 
2221 ; 0.0 
2222 ; 4.0 
2223 ; 4.0 
2224 ; 4.0 
2225 ; 2.0 
2226 ; 2.0 
2227 ; 3.0 
2228 ; 3.0 
2229 ; 7.0 
2230 ; 7.0 
2231 ; 2.0 
2232 ; 1.0 
2233 ; 2.0 
2234 ; 1.0 
2235 ; 2.0 
2236 ; 0.0 
2237 ; 2.0 
2238 ; 1.0 
2239 ; 7.0 
2240 ; 7.0 
2241 ; 8.0 
2242 ; 9.0 
2243 ; 9.0 
2244 ; 8.0 
2245 ; 3.0 
2246 ; 3.0 
2247 ; 3.0 
2248 ; 3.0 
2249 ; 3.0 
2250 ; 3.0 
2251 ; 3.0 
2252 ; 3.0 
2253 ; 3.0 
2254 ; 3.0 
2255 ; 1.0 
2256 ; 1.0 
2257 ; 1.0 
2258 ; 1.0 
2259 ; 1.0 
2260 ; 1.0 
2261 ; 2.0 
2262 ; 3.0 
2263 ; 4.0 
2264 ; 2.0 
2265 ; 3.0 
2266 ; 4.0 
2267 ; 2.0 
2268 ; 2.0 
2269 ; 4.0 
2270 ; 3.0 
2271 ; 3.0 
2272 ; 3.0 
2273 ; 3.0 
2274 ; 3.0 
2275 ; 2.0 
2276 ; 3.0 
2277 ; 1.0 
2278 ; 2.0 
2279 ; 2.0 
2280 ; 0.0 
2281 ; 0.0 
2282 ; 0.0 
2283 ; 2.0 
2284 ; 2.0 
2285 ; 1.0 
2286 ; 1.0 
2287 ; 0.0 
2288 ; 0.0 
2289 ; 0.0 
2290 ; 0.0 
2291 ; 0.0 
2292 ; 2.0 
2293 ; 2.0 
2294 ; 1.0 
2295 ; 1.0 
2296 ; 1.0 
2297 ; 1.0 
2298 ; 0.0 
2299 ; 0.0 
2300 ; 0.0 
2301 ; 1.0 
2302 ; 0.0 
2303 ; 1.0 
2304 ; 1.0 
2305 ; 1.0 
2306 ; 1.0 
2307 ; 0.0 
2308 ; 0.0 
2309 ; 0.0 
2310 ; 0.0 
2311 ; 0.0 
2312 ; 1.0 
2313 ; 1.0 
2314 ; 0.0 
2315 ; 0.0 
2316 ; 2.0 
2317 ; 2.0 
2318 ; 1.0 
2319 ; 1.0 
2320 ; 2.0 
2321 ; 1.0 
2322 ; 2.0 
2323 ; 1.0 
2324 ; 1.0 
2325 ; 1.0 
2326 ; 1.0 
2327 ; 1.0 
2328 ; 0.0 
2329 ; 0.0 
2330 ; 0.0 
2331 ; 2.0 
2332 ; 0.0 
2333 ; 2.0 
2334 ; 2.0 
2335 ; 2.0 
2336 ; 2.0 
2337 ; 0.0 
2338 ; 0.0 
2339 ; 0.0 
2340 ; 0.0 
2341 ; 1.0 
2342 ; 0.0 
2343 ; 0.0 
2344 ; 0.0 
2345 ; 0.0 
2346 ; 0.0 
2347 ; 5.0 
2348 ; 6.0 
2349 ; 4.0 
2350 ; 4.0 
2351 ; 7.0 
2352 ; 7.0 
2353 ; 7.0 
2354 ; 4.0 
2355 ; 11.0 
2356 ; 1.0 
2357 ; 1.0 
2358 ; 1.0 
2359 ; 1.0 
2360 ; 1.0 
2361 ; 2.0 
2362 ; 2.0 
2363 ; 3.0 
2364 ; 1.0 
2365 ; 3.0 
2366 ; 2.0 
2367 ; 4.0 
2368 ; 3.0 
2369 ; 1.0 
2370 ; 1.0 
2371 ; 1.0 
2372 ; 1.0 
2373 ; 1.0 
2374 ; 1.0 
2375 ; 1.0 
2376 ; 1.0 
2377 ; 3.0 
2378 ; 2.0 
2379 ; 2.0 
2380 ; 2.0 
2381 ; 1.0 
2382 ; 1.0 
2383 ; 5.0 
2384 ; 6.0 
2385 ; 5.0 
2386 ; 4.0 
2387 ; 5.0 
2388 ; 4.0 
2389 ; 0.0 
2390 ; 0.0 
2391 ; 0.0 
2392 ; 0.0 
2393 ; 0.0 
2394 ; 0.0 
2395 ; 0.0 
2396 ; 0.0 
2397 ; 0.0 
2398 ; 0.0 
2399 ; 0.0 
2400 ; 0.0 
2401 ; 5.0 
2402 ; 1.0 
2403 ; 1.0 
2404 ; 1.0 
2405 ; 1.0 
2406 ; 1.0 
2407 ; 3.0 
2408 ; 3.0 
2409 ; 0.0 
2410 ; 0.0 
2411 ; 0.0 
2412 ; 0.0 
2413 ; 3.0 
2414 ; 3.0 
2415 ; 2.0 
2416 ; 2.0 
2417 ; 3.0 
2418 ; 2.0 
2419 ; 2.0 
2420 ; 2.0 
2421 ; 0.0 
2422 ; 2.0 
2423 ; 0.0 
2424 ; 0.0 
2425 ; 0.0 
2426 ; 0.0 
2427 ; 2.0 
2428 ; 0.0 
2429 ; 0.0 
2430 ; 0.0 
2431 ; 0.0 
2432 ; 0.0 
2433 ; 0.0 
2434 ; 0.0 
2435 ; 0.0 
2436 ; 3.0 
2437 ; 3.0 
2438 ; 3.0 
2439 ; 0.0 
2440 ; 2.0 
2441 ; 7.0 
2442 ; 6.0 
2443 ; 1.0 
2444 ; 1.0 
2445 ; 0.0 
2446 ; 2.0 
2447 ; 8.0 
2448 ; 5.0 
2449 ; 7.0 
2450 ; 6.0 
2451 ; 1.0 
2452 ; 7.0 
2453 ; 6.0 
2454 ; 7.0 
2455 ; 7.0 
2456 ; 3.0 
2457 ; 4.0 
2458 ; 2.0 
2459 ; 4.0 
2460 ; 4.0 
2461 ; 2.0 
2462 ; 4.0 
2463 ; 4.0 
2464 ; 4.0 
2465 ; 4.0 
2466 ; 0.0 
2467 ; 0.0 
2468 ; 0.0 
2469 ; 0.0 
2470 ; 0.0 
2471 ; 0.0 
2472 ; 0.0 
2473 ; 0.0 
2474 ; 0.0 
2475 ; 4.0 
2476 ; 4.0 
2477 ; 7.0 
2478 ; 7.0 
2479 ; 4.0 
2480 ; 4.0 
2481 ; 7.0 
2482 ; 2.0 
2483 ; 5.0 
2484 ; 4.0 
2485 ; 4.0 
2486 ; 5.0 
2487 ; 7.0 
2488 ; 7.0 
2489 ; 0.0 
2490 ; 0.0 
2491 ; 1.0 
2492 ; 1.0 
2493 ; 2.0 
2494 ; 4.0 
2495 ; 3.0 
2496 ; 2.0 
2497 ; 4.0 
2498 ; 2.0 
2499 ; 2.0 
2500 ; 4.0 
2501 ; 3.0 
2502 ; 4.0 
2503 ; 3.0 
2504 ; 3.0 
2505 ; 3.0 
2506 ; 4.0 
2507 ; 1.0 
2508 ; 1.0 
2509 ; 2.0 
2510 ; 2.0 
2511 ; 20.0 
2512 ; 18.0 
2513 ; 17.0 
2514 ; 18.0 
2515 ; 20.0 
2516 ; 19.0 
2517 ; 7.0 
2518 ; 8.0 
2519 ; 1.0 
2520 ; 1.0 
2521 ; 1.0 
2522 ; 0.0 
2523 ; 0.0 
2524 ; 17.0 
2525 ; 2.0 
2526 ; 5.0 
2527 ; 1.0 
2528 ; 4.0 
2529 ; 4.0 
2530 ; 0.0 
2531 ; 0.0 
2532 ; 0.0 
2533 ; 5.0 
2534 ; 2.0 
2535 ; 0.0 
2536 ; 6.0 
2537 ; 6.0 
2538 ; 2.0 
2539 ; 0.0 
2540 ; 4.0 
2541 ; 5.0 
2542 ; 0.0 
2543 ; 1.0 
2544 ; 1.0 
2545 ; 5.0 
2546 ; 3.0 
2547 ; 3.0 
2548 ; 3.0 
2549 ; 3.0 
2550 ; 3.0 
2551 ; 3.0 
2552 ; 3.0 
2553 ; 3.0 
2554 ; 3.0 
2555 ; 3.0 
2556 ; 3.0 
2557 ; 3.0 
2558 ; 3.0 
2559 ; 3.0 
2560 ; 0.0 
2561 ; 1.0 
2562 ; 2.0 
2563 ; 6.0 
2564 ; 1.0 
2565 ; 9.0 
2566 ; 9.0 
2567 ; 8.0 
2568 ; 4.0 
2569 ; 3.0 
2570 ; 3.0 
2571 ; 8.0 
2572 ; 2.0 
2573 ; 2.0 
2574 ; 0.0 
2575 ; 0.0 
2576 ; 0.0 
2577 ; 0.0 
2578 ; 0.0 
2579 ; 4.0 
2580 ; 3.0 
2581 ; 3.0 
2582 ; 0.0 
2583 ; 4.0 
2584 ; 0.0 
2585 ; 1.0 
2586 ; 3.0 
2587 ; 0.0 
2588 ; 0.0 
2589 ; 0.0 
2590 ; 4.0 
2591 ; 0.0 
2592 ; 3.0 
2593 ; 1.0 
2594 ; 8.0 
2595 ; 8.0 
2596 ; 4.0 
2597 ; 3.0 
2598 ; 3.0 
2599 ; 8.0 
2600 ; 9.0 
2601 ; 8.0 
2602 ; 8.0 
2603 ; 8.0 
2604 ; 8.0 
2605 ; 8.0 
2606 ; 8.0 
2607 ; 0.0 
2608 ; 2.0 
2609 ; 1.0 
2610 ; 1.0 
2611 ; 2.0 
2612 ; 5.0 
2613 ; 5.0 
2614 ; 6.0 
2615 ; 6.0 
2616 ; 6.0 
2617 ; 7.0 
2618 ; 6.0 
2619 ; 6.0 
2620 ; 6.0 
2621 ; 7.0 
2622 ; 3.0 
2623 ; 2.0 
2624 ; 2.0 
2625 ; 3.0 
2626 ; 2.0 
2627 ; 1.0 
2628 ; 2.0 
2629 ; 2.0 
2630 ; 2.0 
2631 ; 2.0 
2632 ; 2.0 
2633 ; 2.0 
2634 ; 2.0 
2635 ; 2.0 
2636 ; 2.0 
2637 ; 4.0 
2638 ; 4.0 
2639 ; 3.0 
2640 ; 4.0 
2641 ; 2.0 
2642 ; 2.0 
2643 ; 0.0 
2644 ; 3.0 
2645 ; 2.0 
2646 ; 2.0 
2647 ; 2.0 
2648 ; 2.0 
2649 ; 2.0 
2650 ; 3.0 
2651 ; 2.0 
2652 ; 2.0 
2653 ; 4.0 
2654 ; 2.0 
2655 ; 2.0 
2656 ; 3.0 
2657 ; 2.0 
2658 ; 2.0 
2659 ; 2.0 
2660 ; 2.0 
2661 ; 2.0 
2662 ; 2.0 
2663 ; 2.0 
2664 ; 0.0 
2665 ; 2.0 
2666 ; 1.0 
2667 ; 2.0 
2668 ; 4.0 
2669 ; 2.0 
2670 ; 2.0 
2671 ; 2.0 
2672 ; 1.0 
2673 ; 2.0 
2674 ; 2.0 
2675 ; 4.0 
2676 ; 1.0 
2677 ; 2.0 
2678 ; 1.0 
2679 ; 11.0 
2680 ; 10.0 
2681 ; 10.0 
2682 ; 9.0 
2683 ; 9.0 
2684 ; 9.0 
2685 ; 4.0 
2686 ; 5.0 
2687 ; 4.0 
2688 ; 2.0 
2689 ; 0.0 
2690 ; 0.0 
2691 ; 2.0 
2692 ; 2.0 
2693 ; 2.0 
2694 ; 2.0 
2695 ; 2.0 
2696 ; 2.0 
2697 ; 0.0 
2698 ; 0.0 
2699 ; 2.0 
2700 ; 2.0 
2701 ; 2.0 
2702 ; 2.0 
2703 ; 0.0 
2704 ; 2.0 
2705 ; 2.0 
2706 ; 4.0 
2707 ; 2.0 
2708 ; 2.0 
2709 ; 2.0 
2710 ; 2.0 
2711 ; 2.0 
2712 ; 2.0 
2713 ; 0.0 
2714 ; 2.0 
2715 ; 1.0 
2716 ; 1.0 
2717 ; 1.0 
2718 ; 1.0 
2719 ; 1.0 
2720 ; 3.0 
2721 ; 4.0 
2722 ; 3.0 
2723 ; 4.0 
2724 ; 2.0 
2725 ; 2.0 
2726 ; 2.0 
2727 ; 2.0 
2728 ; 2.0 
2729 ; 2.0 
2730 ; 2.0 
2731 ; 4.0 
2732 ; 2.0 
2733 ; 2.0 
2734 ; 0.0 
2735 ; 1.0 
2736 ; 1.0 
2737 ; 1.0 
2738 ; 1.0 
2739 ; 1.0 
2740 ; 1.0 
2741 ; 2.0 
2742 ; 2.0 
2743 ; 2.0 
2744 ; 2.0 
2745 ; 2.0 
2746 ; 3.0 
2747 ; 2.0 
2748 ; 2.0 
2749 ; 2.0 
2750 ; 2.0 
2751 ; 2.0 
2752 ; 2.0 
2753 ; 2.0 
2754 ; 2.0 
2755 ; 2.0 
2756 ; 3.0 
2757 ; 2.0 
2758 ; 2.0 
2759 ; 4.0 
2760 ; 4.0 
2761 ; 4.0 
2762 ; 2.0 
2763 ; 2.0 
2764 ; 1.0 
2765 ; 1.0 
2766 ; 1.0 
2767 ; 1.0 
2768 ; 13.0 
2769 ; 4.0 
2770 ; 4.0 
2771 ; 3.0 
2772 ; 3.0 
2773 ; 0.0 
2774 ; 2.0 
2775 ; 3.0 
2776 ; 4.0 
2777 ; 4.0 
2778 ; 5.0 
2779 ; 5.0 
2780 ; 5.0 
2781 ; 5.0 
2782 ; 5.0 
2783 ; 5.0 
2784 ; 5.0 
2785 ; 5.0 
2786 ; 5.0 
2787 ; 5.0 
2788 ; 5.0 
2789 ; 5.0 
2790 ; 5.0 
2791 ; 5.0 
2792 ; 0.0 
2793 ; 1.0 
2794 ; 1.0 
2795 ; 1.0 
2796 ; 2.0 
2797 ; 2.0 
2798 ; 1.0 
2799 ; 1.0 
2800 ; 1.0 
2801 ; 1.0 
2802 ; 1.0 
2803 ; 1.0 
2804 ; 1.0 
2805 ; 2.0 
2806 ; 5.0 
2807 ; 9.0 
2808 ; 9.0 
2809 ; 5.0 
2810 ; 2.0 
2811 ; 1.0 
2812 ; 1.0 
2813 ; 2.0 
2814 ; 1.0 
2815 ; 1.0 
2816 ; 1.0 
2817 ; 1.0 
2818 ; 1.0 
2819 ; 1.0 
2820 ; 1.0 
2821 ; 1.0 
2822 ; 1.0 
2823 ; 1.0 
2824 ; 2.0 
2825 ; 2.0 
2826 ; 4.0 
2827 ; 4.0 
2828 ; 4.0 
2829 ; 5.0 
2830 ; 5.0 
2831 ; 4.0 
2832 ; 4.0 
2833 ; 4.0 
2834 ; 3.0 
2835 ; 3.0 
2836 ; 4.0 
2837 ; 4.0 
2838 ; 4.0 
2839 ; 4.0 
2840 ; 3.0 
2841 ; 3.0 
2842 ; 3.0 
2843 ; 3.0 
2844 ; 4.0 
2845 ; 4.0 
2846 ; 4.0 
2847 ; 3.0 
2848 ; 4.0 
2849 ; 5.0 
2850 ; 3.0 
2851 ; 2.0 
2852 ; 3.0 
2853 ; 5.0 
2854 ; 2.0 
2855 ; 7.0 
2856 ; 7.0 
2857 ; 2.0 
2858 ; 9.0 
2859 ; 5.0 
2860 ; 15.0 
2861 ; 19.0 
2862 ; 2.0 
2863 ; 1.0 
2864 ; 2.0 
2865 ; 1.0 
2866 ; 3.0 
2867 ; 7.0 
2868 ; 7.0 
2869 ; 1.0 
2870 ; 2.0 
2871 ; 7.0 
2872 ; 7.0 
2873 ; 2.0 
2874 ; 1.0 
2875 ; 5.0 
2876 ; 5.0 
2877 ; 1.0 
2878 ; 0.0 
2879 ; 3.0 
2880 ; 1.0 
2881 ; 2.0 
2882 ; 0.0 
2883 ; 0.0 
2884 ; 0.0 
2885 ; 1.0 
2886 ; 1.0 
2887 ; 1.0 
2888 ; 0.0 
2889 ; 0.0 
2890 ; 1.0 
2891 ; 1.0 
2892 ; 1.0 
2893 ; 1.0 
2894 ; 1.0 
2895 ; 1.0 
2896 ; 2.0 
2897 ; 0.0 
2898 ; 0.0 
2899 ; 4.0 
2900 ; 1.0 
2901 ; 1.0 
2902 ; 11.0 
2903 ; 11.0 
2904 ; 10.0 
2905 ; 1.0 
2906 ; 2.0 
2907 ; 2.0 
2908 ; 2.0 
2909 ; 0.0 
2910 ; 3.0 
2911 ; 4.0 
2912 ; 2.0 
2913 ; 1.0 
2914 ; 5.0 
2915 ; 19.0 
2916 ; 17.0 
2917 ; 4.0 
2918 ; 2.0 
2919 ; 10.0 
2920 ; 10.0 
2921 ; 11.0 
2922 ; 10.0 
2923 ; 11.0 
2924 ; 1.0 
2925 ; 2.0 
2926 ; 7.0 
2927 ; 6.0 
2928 ; 2.0 
2929 ; 2.0 
2930 ; 1.0 
2931 ; 2.0 
2932 ; 4.0 
2933 ; 4.0 
2934 ; 1.0 
2935 ; 4.0 
2936 ; 4.0 
2937 ; 2.0 
2938 ; 2.0 
2939 ; 1.0 
2940 ; 1.0 
2941 ; 1.0 
2942 ; 1.0 
2943 ; 1.0 
2944 ; 1.0 
2945 ; 6.0 
2946 ; 7.0 
2947 ; 3.0 
2948 ; 1.0 
2949 ; 6.0 
2950 ; 6.0 
2951 ; 5.0 
2952 ; 5.0 
2953 ; 2.0 
2954 ; 2.0 
2955 ; 5.0 
2956 ; 5.0 
2957 ; 4.0 
2958 ; 2.0 
2959 ; 2.0 
2960 ; 2.0 
2961 ; 2.0 
2962 ; 2.0 
2963 ; 4.0 
2964 ; 4.0 
2965 ; 6.0 
2966 ; 6.0 
2967 ; 2.0 
2968 ; 2.0 
2969 ; 4.0 
2970 ; 4.0 
2971 ; 4.0 
2972 ; 4.0 
2973 ; 4.0 
2974 ; 4.0 
2975 ; 4.0 
2976 ; 4.0 
2977 ; 4.0 
2978 ; 4.0 
2979 ; 2.0 
2980 ; 4.0 
2981 ; 1.0 
2982 ; 1.0 
2983 ; 1.0 
2984 ; 4.0 
2985 ; 2.0 
2986 ; 6.0 
2987 ; 6.0 
2988 ; 2.0 
2989 ; 2.0 
2990 ; 2.0 
2991 ; 2.0 
2992 ; 5.0 
2993 ; 8.0 
2994 ; 5.0 
2995 ; 2.0 
2996 ; 13.0 
2997 ; 6.0 
2998 ; 7.0 
2999 ; 13.0 
3000 ; 7.0 
3001 ; 6.0 
3002 ; 13.0 
3003 ; 19.0 
3004 ; 0.0 
3005 ; 0.0 
3006 ; 9.0 
3007 ; 0.0 
3008 ; 0.0 
3009 ; 0.0 
3010 ; 0.0 
3011 ; 0.0 
3012 ; 0.0 
3013 ; 0.0 
3014 ; 0.0 
3015 ; 12.0 
3016 ; 4.0 
3017 ; 5.0 
3018 ; 0.0 
3019 ; 3.0 
3020 ; 5.0 
3021 ; 4.0 
3022 ; 4.0 
3023 ; 0.0 
3024 ; 0.0 
3025 ; 0.0 
3026 ; 0.0 
3027 ; 0.0 
3028 ; 12.0 
3029 ; 19.0 
3030 ; 4.0 
3031 ; 3.0 
3032 ; 1.0 
3033 ; 0.0 
3034 ; 3.0 
3035 ; 1.0 
3036 ; 1.0 
3037 ; 1.0 
3038 ; 1.0 
3039 ; 1.0 
3040 ; 1.0 
3041 ; 1.0 
3042 ; 2.0 
3043 ; 2.0 
3044 ; 1.0 
3045 ; 1.0 
3046 ; 0.0 
3047 ; 0.0 
3048 ; 1.0 
3049 ; 0.0 
3050 ; 0.0 
3051 ; 2.0 
3052 ; 2.0 
3053 ; 6.0 
3054 ; 6.0 
3055 ; 0.0 
3056 ; 7.0 
3057 ; 2.0 
3058 ; 2.0 
3059 ; 1.0 
3060 ; 7.0 
3061 ; 7.0 
3062 ; 6.0 
3063 ; 6.0 
3064 ; 2.0 
3065 ; 5.0 
3066 ; 2.0 
3067 ; 2.0 
3068 ; 7.0 
3069 ; 6.0 
3070 ; 4.0 
3071 ; 2.0 
3072 ; 7.0 
3073 ; 7.0 
3074 ; 5.0 
3075 ; 5.0 
3076 ; 7.0 
3077 ; 7.0 
3078 ; 5.0 
3079 ; 5.0 
3080 ; 7.0 
3081 ; 7.0 
3082 ; 1.0 
3083 ; 2.0 
3084 ; 1.0 
3085 ; 1.0 
3086 ; 2.0 
3087 ; 2.0 
3088 ; 2.0 
3089 ; 2.0 
3090 ; 2.0 
3091 ; 2.0 
3092 ; 2.0 
3093 ; 1.0 
3094 ; 1.0 
3095 ; 2.0 
3096 ; 1.0 
3097 ; 11.0 
3098 ; 9.0 
3099 ; 12.0 
3100 ; 11.0 
3101 ; 7.0 
3102 ; 7.0 
3103 ; 9.0 
3104 ; 11.0 
3105 ; 11.0 
3106 ; 7.0 
3107 ; 1.0 
3108 ; 1.0 
3109 ; 1.0 
3110 ; 1.0 
3111 ; 1.0 
3112 ; 1.0 
3113 ; 1.0 
3114 ; 4.0 
3115 ; 2.0 
3116 ; 2.0 
3117 ; 1.0 
3118 ; 8.0 
3119 ; 8.0 
3120 ; 7.0 
3121 ; 8.0 
3122 ; 9.0 
3123 ; 7.0 
3124 ; 15.0 
3125 ; 10.0 
3126 ; 4.0 
3127 ; 3.0 
3128 ; 2.0 
3129 ; 3.0 
3130 ; 3.0 
3131 ; 2.0 
3132 ; 2.0 
3133 ; 3.0 
3134 ; 1.0 
3135 ; 1.0 
3136 ; 3.0 
3137 ; 4.0 
3138 ; 5.0 
3139 ; 1.0 
3140 ; 1.0 
3141 ; 3.0 
3142 ; 5.0 
3143 ; 11.0 
3144 ; 5.0 
3145 ; 2.0 
3146 ; 1.0 
3147 ; 10.0 
3148 ; 2.0 
3149 ; 1.0 
3150 ; 5.0 
3151 ; 5.0 
3152 ; 3.0 
3153 ; 4.0 
3154 ; 15.0 
3155 ; 8.0 
3156 ; 15.0 
3157 ; 8.0 
3158 ; 7.0 
3159 ; 7.0 
3160 ; 7.0 
3161 ; 8.0 
3162 ; 18.0 
3163 ; 10.0 
3164 ; 9.0 
3165 ; 18.0 
3166 ; 2.0 
3167 ; 2.0 
3168 ; 2.0 
3169 ; 0.0 
3170 ; 2.0 
3171 ; 0.0 
3172 ; 1.0 
3173 ; 1.0 
3174 ; 1.0 
3175 ; 1.0 
3176 ; 1.0 
3177 ; 1.0 
3178 ; 1.0 
3179 ; 1.0 
3180 ; 1.0 
3181 ; 1.0 
3182 ; 1.0 
3183 ; 1.0 
3184 ; 6.0 
3185 ; 6.0 
3186 ; 7.0 
3187 ; 7.0 
3188 ; 17.0 
3189 ; 0.0 
3190 ; 0.0 
3191 ; 0.0 
3192 ; 0.0 
3193 ; 0.0 
3194 ; 0.0 
3195 ; 0.0 
3196 ; 0.0 
3197 ; 0.0 
3198 ; 0.0 
3199 ; 0.0 
3200 ; 0.0 
3201 ; 0.0 
3202 ; 1.0 
3203 ; 1.0 
3204 ; 5.0 
3205 ; 0.0 
3206 ; 0.0 
3207 ; 0.0 
3208 ; 0.0 
3209 ; 5.0 
3210 ; 8.0 
3211 ; 3.0 
3212 ; 0.0 
3213 ; 0.0 
3214 ; 0.0 
3215 ; 0.0 
3216 ; 0.0 
3217 ; 0.0 
3218 ; 0.0 
3219 ; 0.0 
3220 ; 9.0 
3221 ; 8.0 
3222 ; 1.0 
3223 ; 1.0 
3224 ; 4.0 
3225 ; 5.0 
3226 ; 7.0 
3227 ; 0.0 
3228 ; 8.0 
3229 ; 1.0 
3230 ; 1.0 
3231 ; 2.0 
3232 ; 1.0 
3233 ; 1.0 
3234 ; 1.0 
3235 ; 1.0 
3236 ; 1.0 
3237 ; 1.0 
3238 ; 3.0 
3239 ; 8.0 
3240 ; 19.0 
3241 ; 22.0 
3242 ; 17.0 
3243 ; 0.0 
3244 ; 0.0 
3245 ; 3.0 
3246 ; 0.0 
3247 ; 0.0 
3248 ; 0.0 
3249 ; 0.0 
3250 ; 12.0 
3251 ; 3.0 
3252 ; 3.0 
3253 ; 14.0 
3254 ; 8.0 
3255 ; 0.0 
3256 ; 9.0 
3257 ; 9.0 
3258 ; 5.0 
3259 ; 3.0 
3260 ; 0.0 
3261 ; 3.0 
3262 ; 3.0 
3263 ; 3.0 
3264 ; 3.0 
3265 ; 3.0 
3266 ; 3.0 
3267 ; 1.0 
3268 ; 3.0 
3269 ; 3.0 
3270 ; 12.0 
3271 ; 19.0 
3272 ; 0.0 
3273 ; 8.0 
3274 ; 8.0 
3275 ; 9.0 
3276 ; 3.0 
3277 ; 1.0 
3278 ; 1.0 
3279 ; 3.0 
3280 ; 3.0 
3281 ; 3.0 
3282 ; 3.0 
3283 ; 3.0 
3284 ; 2.0 
3285 ; 2.0 
3286 ; 1.0 
3287 ; 0.0 
3288 ; 1.0 
3289 ; 2.0 
3290 ; 2.0 
3291 ; 1.0 
3292 ; 1.0 
3293 ; 1.0 
3294 ; 4.0 
3295 ; 5.0 
3296 ; 4.0 
3297 ; 4.0 
3298 ; 5.0 
3299 ; 5.0 
3300 ; 4.0 
3301 ; 4.0 
3302 ; 5.0 
3303 ; 5.0 
3304 ; 4.0 
3305 ; 4.0 
3306 ; 5.0 
3307 ; 1.0 
3308 ; 1.0 
3309 ; 1.0 
3310 ; 1.0 
3311 ; 1.0 
3312 ; 5.0 
3313 ; 1.0 
3314 ; 1.0 
3315 ; 4.0 
3316 ; 18.0 
3317 ; 18.0 
3318 ; 13.0 
3319 ; 13.0 
3320 ; 13.0 
3321 ; 18.0 
3322 ; 1.0 
3323 ; 1.0 
3324 ; 6.0 
3325 ; 7.0 
3326 ; 2.0 
3327 ; 2.0 
3328 ; 0.0 
3329 ; 5.0 
3330 ; 4.0 
3331 ; 5.0 
3332 ; 4.0 
3333 ; 17.0 
3334 ; 15.0 
3335 ; 12.0 
3336 ; 11.0 
3337 ; 14.0 
3338 ; 19.0 
3339 ; 0.0 
3340 ; 9.0 
3341 ; 9.0 
3342 ; 7.0 
3343 ; 6.0 
3344 ; 0.0 
3345 ; 6.0 
3346 ; 0.0 
3347 ; 0.0 
3348 ; 8.0 
3349 ; 8.0 
3350 ; 0.0 
3351 ; 0.0 
3352 ; 0.0 
3353 ; 0.0 
3354 ; 8.0 
3355 ; 5.0 
3356 ; 4.0 
3357 ; 8.0 
3358 ; 5.0 
3359 ; 11.0 
3360 ; 2.0 
3361 ; 1.0 
3362 ; 2.0 
3363 ; 2.0 
3364 ; 1.0 
3365 ; 1.0 
3366 ; 1.0 
3367 ; 6.0 
3368 ; 6.0 
3369 ; 3.0 
3370 ; 13.0 
3371 ; 13.0 
3372 ; 4.0 
3373 ; 13.0 
3374 ; 4.0 
3375 ; 7.0 
3376 ; 14.0 
3377 ; 2.0 
3378 ; 13.0 
3379 ; 1.0 
3380 ; 1.0 
3381 ; 1.0 
3382 ; 4.0 
3383 ; 3.0 
3384 ; 3.0 
3385 ; 4.0 
3386 ; 4.0 
3387 ; 3.0 
3388 ; 1.0 
3389 ; 1.0 
3390 ; 5.0 
3391 ; 5.0 
3392 ; 1.0 
3393 ; 1.0 
3394 ; 3.0 
3395 ; 2.0 
3396 ; 2.0 
3397 ; 3.0 
3398 ; 1.0 
3399 ; 1.0 
3400 ; 4.0 
3401 ; 4.0 
3402 ; 3.0 
3403 ; 3.0 
3404 ; 3.0 
3405 ; 4.0 
3406 ; 2.0 
3407 ; 2.0 
3408 ; 2.0 
3409 ; 6.0 
3410 ; 2.0 
3411 ; 20.0 
3412 ; 0.0 
3413 ; 2.0 
3414 ; 22.0 
3415 ; 2.0 
3416 ; 2.0 
3417 ; 2.0 
3418 ; 3.0 
3419 ; 3.0 
3420 ; 3.0 
3421 ; 3.0 
3422 ; 3.0 
3423 ; 5.0 
3424 ; 3.0 
3425 ; 5.0 
3426 ; 3.0 
3427 ; 5.0 
3428 ; 3.0 
3429 ; 5.0 
3430 ; 5.0 
3431 ; 3.0 
3432 ; 3.0 
3433 ; 1.0 
3434 ; 1.0 
3435 ; 1.0 
3436 ; 1.0 
3437 ; 6.0 
3438 ; 6.0 
3439 ; 5.0 
3440 ; 6.0 
3441 ; 8.0 
3442 ; 4.0 
3443 ; 6.0 
3444 ; 0.0 
3445 ; 2.0 
3446 ; 6.0 
3447 ; 4.0 
3448 ; 5.0 
3449 ; 5.0 
3450 ; 2.0 
3451 ; 3.0 
3452 ; 3.0 
3453 ; 4.0 
3454 ; 26.0 
3455 ; 25.0 
3456 ; 7.0 
3457 ; 1.0 
3458 ; 8.0 
3459 ; 1.0 
3460 ; 3.0 
3461 ; 4.0 
3462 ; 4.0 
3463 ; 4.0 
3464 ; 9.0 
3465 ; 1.0 
3466 ; 1.0 
3467 ; 1.0 
3468 ; 2.0 
3469 ; 19.0 
3470 ; 3.0 
3471 ; 19.0 
3472 ; 5.0 
3473 ; 6.0 
3474 ; 11.0 
3475 ; 12.0 
3476 ; 1.0 
3477 ; 10.0 
3478 ; 1.0 
3479 ; 2.0 
3480 ; 1.0 
3481 ; 2.0 
3482 ; 1.0 
3483 ; 1.0 
3484 ; 1.0 
3485 ; 1.0 
3486 ; 1.0 
3487 ; 1.0 
3488 ; 2.0 
3489 ; 2.0 
3490 ; 1.0 
3491 ; 2.0 
3492 ; 1.0 
3493 ; 13.0 
3494 ; 20.0 
3495 ; 0.0 
3496 ; 0.0 
3497 ; 0.0 
3498 ; 0.0 
3499 ; 0.0 
3500 ; 0.0 
3501 ; 0.0 
3502 ; 0.0 
3503 ; 0.0 
3504 ; 9.0 
3505 ; 9.0 
3506 ; 5.0 
3507 ; 5.0 
3508 ; 5.0 
3509 ; 6.0 
3510 ; 7.0 
3511 ; 3.0 
3512 ; 6.0 
3513 ; 4.0 
3514 ; 3.0 
3515 ; 2.0 
3516 ; 1.0 
3517 ; 6.0 
3518 ; 2.0 
3519 ; 7.0 
3520 ; 6.0 
3521 ; 6.0 
3522 ; 4.0 
3523 ; 6.0 
3524 ; 6.0 
3525 ; 2.0 
3526 ; 2.0 
3527 ; 5.0 
3528 ; 5.0 
3529 ; 1.0 
3530 ; 1.0 
3531 ; 1.0 
3532 ; 1.0 
3533 ; 2.0 
3534 ; 2.0 
3535 ; 7.0 
3536 ; 6.0 
3537 ; 6.0 
3538 ; 7.0 
3539 ; 7.0 
3540 ; 6.0 
3541 ; 7.0 
3542 ; 4.0 
3543 ; 11.0 
3544 ; 7.0 
3545 ; 4.0 
3546 ; 4.0 
3547 ; 0.0 
3548 ; 1.0 
3549 ; 1.0 
3550 ; 1.0 
3551 ; 1.0 
3552 ; 8.0 
3553 ; 8.0 
3554 ; 4.0 
3555 ; 5.0 
3556 ; 9.0 
3557 ; 8.0 
3558 ; 1.0 
3559 ; 19.0 
3560 ; 12.0 
3561 ; 4.0 
3562 ; 2.0 
3563 ; 2.0 
3564 ; 13.0 
3565 ; 7.0 
3566 ; 2.0 
3567 ; 5.0 
3568 ; 5.0 
3569 ; 1.0 
3570 ; 2.0 
3571 ; 1.0 
3572 ; 1.0 
3573 ; 1.0 
3574 ; 0.0 
3575 ; 9.0 
3576 ; 9.0 
3577 ; 5.0 
3578 ; 6.0 
3579 ; 4.0 
3580 ; 9.0 
3581 ; 4.0 
3582 ; 4.0 
3583 ; 5.0 
3584 ; 0.0 
3585 ; 0.0 
3586 ; 2.0 
3587 ; 0.0 
3588 ; 2.0 
3589 ; 0.0 
3590 ; 0.0 
3591 ; 0.0 
3592 ; 0.0 
3593 ; 5.0 
3594 ; 6.0 
3595 ; 4.0 
3596 ; 2.0 
3597 ; 4.0 
3598 ; 6.0 
3599 ; 2.0 
3600 ; 2.0 
3601 ; 2.0 
3602 ; 6.0 
3603 ; 8.0 
3604 ; 0.0 
3605 ; 1.0 
3606 ; 1.0 
3607 ; 1.0 
3608 ; 1.0 
3609 ; 7.0 
3610 ; 3.0 
3611 ; 3.0 
3612 ; 0.0 
3613 ; 0.0 
3614 ; 0.0 
3615 ; 2.0 
3616 ; 0.0 
3617 ; 0.0 
3618 ; 2.0 
3619 ; 0.0 
3620 ; 2.0 
3621 ; 0.0 
3622 ; 0.0 
3623 ; 0.0 
3624 ; 2.0 
3625 ; 0.0 
3626 ; 2.0 
3627 ; 0.0 
3628 ; 2.0 
3629 ; 0.0 
3630 ; 2.0 
3631 ; 0.0 
3632 ; 1.0 
3633 ; 1.0 
3634 ; 0.0 
3635 ; 7.0 
3636 ; 4.0 
3637 ; 2.0 
3638 ; 0.0 
3639 ; 0.0 
3640 ; 2.0 
3641 ; 2.0 
3642 ; 0.0 
3643 ; 0.0 
3644 ; 2.0 
3645 ; 0.0 
3646 ; 2.0 
3647 ; 5.0 
3648 ; 5.0 
3649 ; 5.0 
3650 ; 2.0 
3651 ; 4.0 
3652 ; 3.0 
3653 ; 3.0 
3654 ; 11.0 
3655 ; 13.0 
3656 ; 4.0 
3657 ; 0.0 
3658 ; 0.0 
3659 ; 0.0 
3660 ; 0.0 
3661 ; 2.0 
3662 ; 2.0 
3663 ; 0.0 
3664 ; 0.0 
3665 ; 0.0 
3666 ; 0.0 
3667 ; 9.0 
3668 ; 8.0 
3669 ; 0.0 
3670 ; 0.0 
3671 ; 0.0 
3672 ; 0.0 
3673 ; 0.0 
3674 ; 18.0 
3675 ; 18.0 
3676 ; 11.0 
3677 ; 11.0 
3678 ; 11.0 
3679 ; 0.0 
3680 ; 12.0 
3681 ; 19.0 
3682 ; 3.0 
3683 ; 4.0 
3684 ; 11.0 
3685 ; 11.0 
3686 ; 18.0 
3687 ; 18.0 
3688 ; 1.0 
3689 ; 1.0 
3690 ; 3.0 
3691 ; 1.0 
3692 ; 4.0 
3693 ; 3.0 
3694 ; 3.0 
3695 ; 3.0 
3696 ; 2.0 
3697 ; 2.0 
3698 ; 2.0 
3699 ; 12.0 
3700 ; 19.0 
3701 ; 18.0 
3702 ; 1.0 
3703 ; 1.0 
3704 ; 1.0 
3705 ; 1.0 
3706 ; 1.0 
3707 ; 1.0 
3708 ; 1.0 
3709 ; 4.0 
3710 ; 4.0 
3711 ; 4.0 
3712 ; 2.0 
3713 ; 3.0 
3714 ; 3.0 
3715 ; 2.0 
3716 ; 5.0 
3717 ; 4.0 
3718 ; 4.0 
3719 ; 5.0 
3720 ; 2.0 
3721 ; 2.0 
3722 ; 2.0 
3723 ; 2.0 
3724 ; 2.0 
3725 ; 2.0 
3726 ; 2.0 
3727 ; 2.0 
3728 ; 2.0 
3729 ; 2.0 
3730 ; 5.0 
3731 ; 5.0 
3732 ; 5.0 
3733 ; 4.0 
3734 ; 15.0 
3735 ; 10.0 
3736 ; 6.0 
3737 ; 6.0 
3738 ; 5.0 
3739 ; 5.0 
3740 ; 7.0 
3741 ; 6.0 
3742 ; 7.0 
3743 ; 6.0 
3744 ; 7.0 
3745 ; 6.0 
3746 ; 2.0 
3747 ; 8.0 
3748 ; 9.0 
3749 ; 9.0 
3750 ; 16.0 
3751 ; 1.0 
3752 ; 1.0 
3753 ; 1.0 
3754 ; 2.0 
3755 ; 1.0 
3756 ; 0.0 
3757 ; 1.0 
3758 ; 1.0 
3759 ; 1.0 
3760 ; 1.0 
3761 ; 1.0 
3762 ; 2.0 
3763 ; 1.0 
3764 ; 2.0 
3765 ; 0.0 
3766 ; 1.0 
3767 ; 1.0 
3768 ; 1.0 
3769 ; 0.0 
3770 ; 1.0 
3771 ; 0.0 
3772 ; 1.0 
3773 ; 2.0 
3774 ; 2.0 
3775 ; 1.0 
3776 ; 2.0 
3777 ; 0.0 
3778 ; 2.0 
3779 ; 2.0 
3780 ; 0.0 
3781 ; 0.0 
3782 ; 0.0 
3783 ; 0.0 
3784 ; 1.0 
3785 ; 1.0 
3786 ; 1.0 
3787 ; 1.0 
3788 ; 17.0 
3789 ; 19.0 
3790 ; 19.0 
3791 ; 17.0 
3792 ; 5.0 
3793 ; 4.0 
3794 ; 3.0 
3795 ; 2.0 
3796 ; 5.0 
3797 ; 0.0 
3798 ; 5.0 
3799 ; 5.0 
3800 ; 5.0 
3801 ; 4.0 
3802 ; 4.0 
3803 ; 5.0 
3804 ; 5.0 
3805 ; 3.0 
3806 ; 1.0 
3807 ; 4.0 
3808 ; 1.0 
3809 ; 1.0 
3810 ; 5.0 
3811 ; 5.0 
3812 ; 5.0 
3813 ; 5.0 
3814 ; 5.0 
3815 ; 2.0 
3816 ; 2.0 
3817 ; 2.0 
3818 ; 2.0 
3819 ; 2.0 
3820 ; 2.0 
3821 ; 2.0 
3822 ; 2.0 
3823 ; 1.0 
3824 ; 1.0 
3825 ; 1.0 
3826 ; 1.0 
3827 ; 3.0 
3828 ; 3.0 
3829 ; 3.0 
3830 ; 3.0 
3831 ; 2.0 
3832 ; 2.0 
3833 ; 13.0 
3834 ; 5.0 
3835 ; 3.0 
3836 ; 4.0 
3837 ; 8.0 
3838 ; 8.0 
3839 ; 5.0 
3840 ; 8.0 
3841 ; 24.0 
3842 ; 15.0 
3843 ; 0.0 
3844 ; 0.0 
3845 ; 2.0 
3846 ; 7.0 
3847 ; 9.0 
3848 ; 14.0 
3849 ; 10.0 
3850 ; 15.0 
3851 ; 9.0 
3852 ; 14.0 
3853 ; 14.0 
3854 ; 9.0 
3855 ; 0.0 
3856 ; 0.0 
3857 ; 16.0 
3858 ; 9.0 
3859 ; 19.0 
3860 ; 13.0 
3861 ; 1.0 
3862 ; 1.0 
3863 ; 2.0 
3864 ; 0.0 
3865 ; 2.0 
3866 ; 2.0 
3867 ; 0.0 
3868 ; 0.0 
3869 ; 0.0 
3870 ; 1.0 
3871 ; 13.0 
3872 ; 5.0 
3873 ; 12.0 
3874 ; 7.0 
3875 ; 6.0 
3876 ; 6.0 
3877 ; 7.0 
3878 ; 8.0 
3879 ; 2.0 
3880 ; 2.0 
3881 ; 2.0 
3882 ; 1.0 
3883 ; 3.0 
3884 ; 1.0 
3885 ; 2.0 
3886 ; 2.0 
3887 ; 0.0 
3888 ; 3.0 
3889 ; 3.0 
3890 ; 2.0 
3891 ; 1.0 
3892 ; 5.0 
3893 ; 6.0 
3894 ; 1.0 
3895 ; 5.0 
3896 ; 7.0 
3897 ; 1.0 
3898 ; 6.0 
3899 ; 9.0 
3900 ; 10.0 
3901 ; 3.0 
3902 ; 1.0 
3903 ; 3.0 
3904 ; 2.0 
3905 ; 1.0 
3906 ; 2.0 
3907 ; 3.0 
3908 ; 1.0 
3909 ; 1.0 
3910 ; 1.0 
3911 ; 1.0 
3912 ; 1.0 
3913 ; 1.0 
3914 ; 0.0 
3915 ; 2.0 
3916 ; 2.0 
3917 ; 3.0 
3918 ; 2.0 
3919 ; 3.0 
3920 ; 3.0 
3921 ; 3.0 
3922 ; 2.0 
3923 ; 1.0 
3924 ; 0.0 
3925 ; 9.0 
3926 ; 9.0 
3927 ; 1.0 
3928 ; 11.0 
3929 ; 11.0 
3930 ; 1.0 
3931 ; 3.0 
3932 ; 2.0 
3933 ; 9.0 
3934 ; 7.0 
3935 ; 2.0 
3936 ; 2.0 
3937 ; 1.0 
3938 ; 2.0 
3939 ; 2.0 
3940 ; 1.0 
3941 ; 3.0 
3942 ; 1.0 
3943 ; 2.0 
3944 ; 2.0 
3945 ; 3.0 
3946 ; 0.0 
3947 ; 2.0 
3948 ; 1.0 
3949 ; 1.0 
3950 ; 1.0 
3951 ; 2.0 
3952 ; 1.0 
3953 ; 2.0 
3954 ; 2.0 
3955 ; 1.0 
3956 ; 3.0 
3957 ; 1.0 
3958 ; 2.0 
3959 ; 2.0 
3960 ; 3.0 
3961 ; 3.0 
3962 ; 2.0 
3963 ; 3.0 
3964 ; 2.0 
3965 ; 5.0 
3966 ; 5.0 
3967 ; 4.0 
3968 ; 4.0 
3969 ; 5.0 
3970 ; 4.0 
3971 ; 4.0 
3972 ; 5.0 
3973 ; 4.0 
3974 ; 5.0 
3975 ; 27.0 
3976 ; 3.0 
3977 ; 0.0 
3978 ; 0.0 
3979 ; 0.0 
3980 ; 0.0 
3981 ; 0.0 
3982 ; 0.0 
3983 ; 23.0 
3984 ; 2.0 
3985 ; 2.0 
3986 ; 2.0 
3987 ; 1.0 
3988 ; 1.0 
3989 ; 1.0 
3990 ; 1.0 
3991 ; 4.0 
3992 ; 1.0 
3993 ; 1.0 
3994 ; 3.0 
3995 ; 4.0 
3996 ; 5.0 
3997 ; 4.0 
3998 ; 3.0 
3999 ; 0.0 
4000 ; 0.0 
4001 ; 11.0 
4002 ; 7.0 
4003 ; 7.0 
4004 ; 4.0 
4005 ; 4.0 
4006 ; 5.0 
4007 ; 3.0 
4008 ; 2.0 
4009 ; 0.0 
4010 ; 0.0 
4011 ; 13.0 
4012 ; 7.0 
4013 ; 11.0 
4014 ; 11.0 
4015 ; 12.0 
4016 ; 11.0 
4017 ; 21.0 
4018 ; 19.0 
4019 ; 12.0 
4020 ; 4.0 
4021 ; 3.0 
4022 ; 1.0 
4023 ; 4.0 
4024 ; 1.0 
4025 ; 1.0 
4026 ; 1.0 
4027 ; 1.0 
4028 ; 6.0 
4029 ; 5.0 
4030 ; 5.0 
4031 ; 6.0 
4032 ; 7.0 
4033 ; 2.0 
4034 ; 1.0 
4035 ; 2.0 
4036 ; 2.0 
4037 ; 1.0 
4038 ; 1.0 
4039 ; 2.0 
4040 ; 1.0 
4041 ; 2.0 
4042 ; 1.0 
4043 ; 1.0 
4044 ; 1.0 
4045 ; 1.0 
4046 ; 1.0 
4047 ; 1.0 
4048 ; 2.0 
4049 ; 2.0 
4050 ; 2.0 
4051 ; 2.0 
4052 ; 2.0 
4053 ; 2.0 
4054 ; 2.0 
4055 ; 2.0 
4056 ; 1.0 
4057 ; 1.0 
4058 ; 2.0 
4059 ; 2.0 
4060 ; 1.0 
4061 ; 1.0 
4062 ; 1.0 
4063 ; 1.0 
4064 ; 1.0 
4065 ; 0.0 
4066 ; 0.0 
4067 ; 0.0 
4068 ; 0.0 
4069 ; 0.0 
4070 ; 0.0 
4071 ; 2.0 
4072 ; 0.0 
4073 ; 2.0 
4074 ; 2.0 
4075 ; 2.0 
4076 ; 7.0 
4077 ; 7.0 
4078 ; 6.0 
4079 ; 4.0 
4080 ; 4.0 
4081 ; 0.0 
4082 ; 2.0 
4083 ; 0.0 
4084 ; 1.0 
4085 ; 1.0 
4086 ; 0.0 
4087 ; 1.0 
4088 ; 1.0 
4089 ; 1.0 
4090 ; 1.0 
4091 ; 1.0 
4092 ; 1.0 
4093 ; 1.0 
4094 ; 1.0 
4095 ; 1.0 
4096 ; 1.0 
4097 ; 0.0 
4098 ; 0.0 
4099 ; 1.0 
4100 ; 1.0 
4101 ; 1.0 
4102 ; 1.0 
4103 ; 0.0 
4104 ; 1.0 
4105 ; 3.0 
4106 ; 3.0 
4107 ; 1.0 
4108 ; 1.0 
4109 ; 5.0 
4110 ; 5.0 
4111 ; 1.0 
4112 ; 2.0 
4113 ; 1.0 
4114 ; 2.0 
4115 ; 1.0 
4116 ; 2.0 
4117 ; 2.0 
4118 ; 1.0 
4119 ; 1.0 
4120 ; 1.0 
4121 ; 1.0 
4122 ; 1.0 
4123 ; 1.0 
4124 ; 1.0 
4125 ; 1.0 
4126 ; 1.0 
4127 ; 1.0 
4128 ; 1.0 
4129 ; 1.0 
4130 ; 2.0 
4131 ; 3.0 
4132 ; 5.0 
4133 ; 5.0 
4134 ; 1.0 
4135 ; 3.0 
4136 ; 1.0 
4137 ; 0.0 
4138 ; 1.0 
4139 ; 1.0 
4140 ; 1.0 
4141 ; 1.0 
4142 ; 0.0 
4143 ; 1.0 
4144 ; 2.0 
4145 ; 2.0 
4146 ; 2.0 
4147 ; 1.0 
4148 ; 2.0 
4149 ; 0.0 
4150 ; 1.0 
4151 ; 1.0 
4152 ; 12.0 
4153 ; 9.0 
4154 ; 14.0 
4155 ; 16.0 
4156 ; 11.0 
4157 ; 14.0 
4158 ; 16.0 
4159 ; 16.0 
4160 ; 14.0 
4161 ; 14.0 
4162 ; 16.0 
4163 ; 8.0 
4164 ; 11.0 
4165 ; 20.0 
4166 ; 20.0 
4167 ; 0.0 
4168 ; 1.0 
4169 ; 17.0 
4170 ; 15.0 
4171 ; 12.0 
4172 ; 15.0 
4173 ; 8.0 
4174 ; 11.0 
4175 ; 3.0 
4176 ; 3.0 
4177 ; 18.0 
4178 ; 18.0 
4179 ; 1.0 
4180 ; 20.0 
4181 ; 18.0 
4182 ; 1.0 
4183 ; 1.0 
4184 ; 3.0 
4185 ; 4.0 
4186 ; 4.0 
4187 ; 4.0 
4188 ; 3.0 
4189 ; 3.0 
4190 ; 3.0 
4191 ; 3.0 
4192 ; 4.0 
4193 ; 1.0 
4194 ; 2.0 
4195 ; 4.0 
4196 ; 4.0 
4197 ; 1.0 
4198 ; 4.0 
4199 ; 1.0 
4200 ; 3.0 
4201 ; 1.0 
4202 ; 1.0 
4203 ; 1.0 
4204 ; 1.0 
4205 ; 3.0 
4206 ; 3.0 
4207 ; 7.0 
4208 ; 1.0 
4209 ; 0.0 
4210 ; 1.0 
4211 ; 7.0 
4212 ; 7.0 
4213 ; 1.0 
4214 ; 1.0 
4215 ; 7.0 
4216 ; 7.0 
4217 ; 7.0 
4218 ; 7.0 
4219 ; 16.0 
4220 ; 9.0 
4221 ; 0.0 
4222 ; 7.0 
4223 ; 2.0 
4224 ; 2.0 
4225 ; 3.0 
4226 ; 2.0 
4227 ; 3.0 
4228 ; 3.0 
4229 ; 3.0 
4230 ; 3.0 
4231 ; 2.0 
4232 ; 5.0 
4233 ; 4.0 
4234 ; 4.0 
4235 ; 0.0 
4236 ; 6.0 
4237 ; 5.0 
4238 ; 2.0 
4239 ; 4.0 
4240 ; 5.0 
4241 ; 2.0 
4242 ; 4.0 
4243 ; 5.0 
4244 ; 3.0 
4245 ; 2.0 
4246 ; 2.0 
4247 ; 3.0 
4248 ; 7.0 
4249 ; 3.0 
4250 ; 4.0 
4251 ; 0.0 
4252 ; 4.0 
4253 ; 4.0 
4254 ; 4.0 
4255 ; 2.0 
4256 ; 5.0 
4257 ; 2.0 
4258 ; 2.0 
4259 ; 3.0 
4260 ; 0.0 
4261 ; 0.0 
4262 ; 2.0 
4263 ; 3.0 
4264 ; 3.0 
4265 ; 9.0 
4266 ; 0.0 
4267 ; 2.0 
4268 ; 3.0 
4269 ; 0.0 
4270 ; 2.0 
4271 ; 0.0 
4272 ; 0.0 
4273 ; 0.0 
4274 ; 0.0 
4275 ; 2.0 
4276 ; 0.0 
4277 ; 0.0 
4278 ; 12.0 
4279 ; 2.0 
4280 ; 4.0 
4281 ; 12.0 
4282 ; 4.0 
4283 ; 4.0 
4284 ; 6.0 
4285 ; 2.0 
4286 ; 6.0 
4287 ; 4.0 
4288 ; 8.0 
4289 ; 12.0 
4290 ; 0.0 
4291 ; 6.0 
4292 ; 5.0 
4293 ; 7.0 
4294 ; 7.0 
4295 ; 7.0 
4296 ; 11.0 
4297 ; 11.0 
4298 ; 3.0 
4299 ; 5.0 
4300 ; 5.0 
4301 ; 5.0 
4302 ; 18.0 
4303 ; 14.0 
4304 ; 5.0 
4305 ; 9.0 
4306 ; 11.0 
4307 ; 3.0 
4308 ; 5.0 
4309 ; 9.0 
4310 ; 6.0 
4311 ; 13.0 
4312 ; 2.0 
4313 ; 2.0 
4314 ; 9.0 
4315 ; 13.0 
4316 ; 14.0 
4317 ; 3.0 
4318 ; 2.0 
4319 ; 1.0 
4320 ; 2.0 
4321 ; 2.0 
4322 ; 1.0 
4323 ; 1.0 
4324 ; 2.0 
4325 ; 1.0 
4326 ; 2.0 
4327 ; 1.0 
4328 ; 2.0 
4329 ; 1.0 
4330 ; 6.0 
4331 ; 2.0 
4332 ; 6.0 
4333 ; 4.0 
4334 ; 4.0 
4335 ; 1.0 
4336 ; 2.0 
4337 ; 4.0 
4338 ; 6.0 
4339 ; 3.0 
4340 ; 9.0 
4341 ; 3.0 
4342 ; 4.0 
4343 ; 11.0 
4344 ; 2.0 
4345 ; 1.0 
4346 ; 3.0 
4347 ; 9.0 
4348 ; 3.0 
4349 ; 4.0 
4350 ; 2.0 
4351 ; 4.0 
4352 ; 2.0 
4353 ; 9.0 
4354 ; 3.0 
4355 ; 2.0 
4356 ; 1.0 
4357 ; 3.0 
4358 ; 9.0 
4359 ; 9.0 
4360 ; 3.0 
4361 ; 1.0 
4362 ; 1.0 
4363 ; 8.0 
4364 ; 6.0 
4365 ; 8.0 
4366 ; 6.0 
4367 ; 6.0 
4368 ; 8.0 
4369 ; 6.0 
4370 ; 8.0 
4371 ; 3.0 
4372 ; 3.0 
4373 ; 0.0 
4374 ; 0.0 
4375 ; 0.0 
4376 ; 0.0 
4377 ; 6.0 
4378 ; 5.0 
4379 ; 5.0 
4380 ; 1.0 
4381 ; 4.0 
4382 ; 6.0 
4383 ; 5.0 
4384 ; 5.0 
4385 ; 6.0 
4386 ; 6.0 
4387 ; 5.0 
4388 ; 6.0 
4389 ; 5.0 
4390 ; 6.0 
4391 ; 2.0 
4392 ; 1.0 
4393 ; 3.0 
4394 ; 2.0 
4395 ; 4.0 
4396 ; 2.0 
4397 ; 4.0 
4398 ; 4.0 
4399 ; 2.0 
4400 ; 2.0 
4401 ; 4.0 
4402 ; 3.0 
4403 ; 3.0 
4404 ; 5.0 
4405 ; 6.0 
4406 ; 2.0 
4407 ; 4.0 
4408 ; 6.0 
4409 ; 6.0 
4410 ; 5.0 
4411 ; 1.0 
4412 ; 1.0 
4413 ; 1.0 
4414 ; 2.0 
4415 ; 0.0 
4416 ; 0.0 
4417 ; 1.0 
4418 ; 4.0 
4419 ; 4.0 
4420 ; 3.0 
4421 ; 6.0 
4422 ; 4.0 
4423 ; 4.0 
4424 ; 0.0 
4425 ; 3.0 
4426 ; 1.0 
4427 ; 1.0 
4428 ; 3.0 
4429 ; 2.0 
4430 ; 2.0 
4431 ; 1.0 
4432 ; 11.0 
4433 ; 6.0 
4434 ; 5.0 
4435 ; 6.0 
4436 ; 12.0 
4437 ; 9.0 
4438 ; 0.0 
4439 ; 2.0 
4440 ; 0.0 
4441 ; 10.0 
4442 ; 3.0 
4443 ; 1.0 
4444 ; 2.0 
4445 ; 2.0 
4446 ; 11.0 
4447 ; 2.0 
4448 ; 2.0 
4449 ; 2.0 
4450 ; 2.0 
4451 ; 5.0 
4452 ; 5.0 
4453 ; 4.0 
4454 ; 4.0 
4455 ; 4.0 
4456 ; 4.0 
4457 ; 4.0 
4458 ; 1.0 
4459 ; 1.0 
4460 ; 1.0 
4461 ; 1.0 
4462 ; 5.0 
4463 ; 4.0 
4464 ; 7.0 
4465 ; 2.0 
4466 ; 2.0 
4467 ; 1.0 
4468 ; 1.0 
4469 ; 2.0 
4470 ; 1.0 
4471 ; 1.0 
4472 ; 1.0 
4473 ; 4.0 
4474 ; 1.0 
4475 ; 3.0 
4476 ; 2.0 
4477 ; 3.0 
4478 ; 3.0 
4479 ; 2.0 
4480 ; 2.0 
4481 ; 4.0 
4482 ; 3.0 
4483 ; 1.0 
4484 ; 1.0 
4485 ; 1.0 
4486 ; 3.0 
4487 ; 1.0 
4488 ; 4.0 
4489 ; 4.0 
4490 ; 4.0 
4491 ; 3.0 
4492 ; 3.0 
4493 ; 8.0 
4494 ; 6.0 
4495 ; 6.0 
4496 ; 8.0 
4497 ; 1.0 
4498 ; 1.0 
4499 ; 2.0 
4500 ; 4.0 
4501 ; 4.0 
4502 ; 3.0 
4503 ; 3.0 
4504 ; 1.0 
4505 ; 1.0 
4506 ; 3.0 
4507 ; 3.0 
4508 ; 8.0 
4509 ; 4.0 
4510 ; 4.0 
4511 ; 0.0 
4512 ; 0.0 
4513 ; 1.0 
4514 ; 1.0 
4515 ; 1.0 
4516 ; 2.0 
4517 ; 4.0 
4518 ; 4.0 
4519 ; 4.0 
4520 ; 1.0 
4521 ; 2.0 
4522 ; 8.0 
4523 ; 5.0 
4524 ; 6.0 
4525 ; 5.0 
4526 ; 6.0 
4527 ; 2.0 
4528 ; 1.0 
4529 ; 2.0 
4530 ; 8.0 
4531 ; 3.0 
4532 ; 8.0 
4533 ; 6.0 
4534 ; 5.0 
4535 ; 7.0 
4536 ; 7.0 
4537 ; 6.0 
4538 ; 6.0 
4539 ; 7.0 
4540 ; 8.0 
4541 ; 2.0 
4542 ; 5.0 
4543 ; 8.0 
4544 ; 3.0 
4545 ; 5.0 
4546 ; 3.0 
4547 ; 5.0 
4548 ; 3.0 
4549 ; 5.0 
4550 ; 4.0 
4551 ; 4.0 
4552 ; 0.0 
4553 ; 0.0 
4554 ; 3.0 
4555 ; 2.0 
4556 ; 3.0 
4557 ; 2.0 
4558 ; 2.0 
4559 ; 3.0 
4560 ; 2.0 
4561 ; 3.0 
4562 ; 3.0 
4563 ; 3.0 
4564 ; 2.0 
4565 ; 2.0 
4566 ; 5.0 
4567 ; 5.0 
4568 ; 5.0 
4569 ; 5.0 
4570 ; 5.0 
4571 ; 2.0 
4572 ; 3.0 
4573 ; 3.0 
4574 ; 2.0 
4575 ; 2.0 
4576 ; 3.0 
4577 ; 1.0 
4578 ; 2.0 
4579 ; 1.0 
4580 ; 7.0 
4581 ; 2.0 
4582 ; 7.0 
4583 ; 2.0 
4584 ; 2.0 
4585 ; 1.0 
4586 ; 1.0 
4587 ; 7.0 
4588 ; 7.0 
4589 ; 5.0 
4590 ; 6.0 
4591 ; 5.0 
4592 ; 6.0 
4593 ; 1.0 
4594 ; 1.0 
4595 ; 1.0 
4596 ; 1.0 
4597 ; 1.0 
4598 ; 1.0 
4599 ; 4.0 
4600 ; 0.0 
4601 ; 2.0 
4602 ; 2.0 
4603 ; 0.0 
4604 ; 1.0 
4605 ; 2.0 
4606 ; 2.0 
4607 ; 1.0 
4608 ; 2.0 
4609 ; 2.0 
4610 ; 2.0 
4611 ; 2.0 
4612 ; 1.0 
4613 ; 1.0 
4614 ; 1.0 
4615 ; 1.0 
4616 ; 3.0 
4617 ; 2.0 
4618 ; 2.0 
4619 ; 3.0 
4620 ; 1.0 
4621 ; 1.0 
4622 ; 1.0 
4623 ; 8.0 
4624 ; 3.0 
4625 ; 2.0 
4626 ; 5.0 
4627 ; 4.0 
4628 ; 22.0 
4629 ; 13.0 
4630 ; 9.0 
4631 ; 13.0 
4632 ; 9.0 
4633 ; 5.0 
4634 ; 7.0 
4635 ; 1.0 
4636 ; 1.0 
4637 ; 1.0 
4638 ; 1.0 
4639 ; 0.0 
4640 ; 0.0 
4641 ; 4.0 
4642 ; 6.0 
4643 ; 6.0 
4644 ; 4.0 
4645 ; 4.0 
4646 ; 3.0 
4647 ; 4.0 
4648 ; 1.0 
4649 ; 2.0 
4650 ; 3.0 
4651 ; 1.0 
4652 ; 2.0 
4653 ; 1.0 
4654 ; 2.0 
4655 ; 1.0 
4656 ; 1.0 
4657 ; 2.0 
4658 ; 3.0 
4659 ; 2.0 
4660 ; 6.0 
4661 ; 4.0 
4662 ; 8.0 
4663 ; 1.0 
4664 ; 1.0 
4665 ; 0.0 
4666 ; 2.0 
4667 ; 1.0 
4668 ; 1.0 
4669 ; 2.0 
4670 ; 1.0 
4671 ; 2.0 
4672 ; 1.0 
4673 ; 1.0 
4674 ; 7.0 
4675 ; 5.0 
4676 ; 7.0 
4677 ; 5.0 
4678 ; 7.0 
4679 ; 7.0 
4680 ; 5.0 
4681 ; 3.0 
4682 ; 2.0 
4683 ; 2.0 
4684 ; 1.0 
4685 ; 1.0 
4686 ; 0.0 
4687 ; 0.0 
4688 ; 0.0 
4689 ; 2.0 
4690 ; 2.0 
4691 ; 2.0 
4692 ; 2.0 
4693 ; 2.0 
4694 ; 2.0 
4695 ; 3.0 
4696 ; 3.0 
4697 ; 1.0 
4698 ; 2.0 
4699 ; 1.0 
4700 ; 1.0 
4701 ; 1.0 
4702 ; 2.0 
4703 ; 2.0 
4704 ; 2.0 
4705 ; 1.0 
4706 ; 2.0 
4707 ; 6.0 
4708 ; 6.0 
4709 ; 8.0 
4710 ; 14.0 
4711 ; 10.0 
4712 ; 5.0 
4713 ; 5.0 
4714 ; 3.0 
4715 ; 3.0 
4716 ; 2.0 
4717 ; 3.0 
4718 ; 2.0 
4719 ; 2.0 
4720 ; 2.0 
4721 ; 3.0 
4722 ; 1.0 
4723 ; 4.0 
4724 ; 3.0 
4725 ; 1.0 
4726 ; 1.0 
4727 ; 4.0 
4728 ; 4.0 
4729 ; 3.0 
4730 ; 1.0 
4731 ; 3.0 
4732 ; 1.0 
4733 ; 4.0 
4734 ; 1.0 
4735 ; 3.0 
4736 ; 3.0 
4737 ; 1.0 
4738 ; 3.0 
4739 ; 2.0 
4740 ; 2.0 
4741 ; 2.0 
4742 ; 1.0 
4743 ; 1.0 
4744 ; 1.0 
4745 ; 1.0 
4746 ; 1.0 
4747 ; 1.0 
4748 ; 6.0 
4749 ; 4.0 
4750 ; 2.0 
4751 ; 2.0 
4752 ; 2.0 
4753 ; 2.0 
4754 ; 2.0 
4755 ; 3.0 
4756 ; 3.0 
4757 ; 3.0 
4758 ; 3.0 
4759 ; 3.0 
4760 ; 1.0 
4761 ; 1.0 
4762 ; 3.0 
4763 ; 3.0 
4764 ; 3.0 
4765 ; 3.0 
4766 ; 3.0 
4767 ; 3.0 
4768 ; 3.0 
4769 ; 6.0 
4770 ; 3.0 
4771 ; 3.0 
4772 ; 3.0 
4773 ; 6.0 
4774 ; 5.0 
4775 ; 3.0 
4776 ; 8.0 
4777 ; 3.0 
4778 ; 3.0 
4779 ; 3.0 
4780 ; 3.0 
4781 ; 7.0 
4782 ; 4.0 
4783 ; 4.0 
4784 ; 4.0 
4785 ; 4.0 
4786 ; 0.0 
4787 ; 4.0 
4788 ; 2.0 
4789 ; 2.0 
4790 ; 4.0 
4791 ; 5.0 
4792 ; 1.0 
4793 ; 1.0 
4794 ; 1.0 
4795 ; 1.0 
4796 ; 2.0 
4797 ; 2.0 
4798 ; 2.0 
4799 ; 2.0 
4800 ; 2.0 
4801 ; 2.0 
4802 ; 2.0 
4803 ; 3.0 
4804 ; 2.0 
4805 ; 6.0 
4806 ; 9.0 
4807 ; 1.0 
4808 ; 1.0 
4809 ; 3.0 
4810 ; 4.0 
4811 ; 1.0 
4812 ; 4.0 
4813 ; 1.0 
4814 ; 6.0 
4815 ; 1.0 
4816 ; 1.0 
4817 ; 3.0 
4818 ; 3.0 
4819 ; 3.0 
4820 ; 1.0 
4821 ; 1.0 
4822 ; 1.0 
4823 ; 1.0 
4824 ; 8.0 
4825 ; 8.0 
4826 ; 7.0 
4827 ; 7.0 
4828 ; 8.0 
4829 ; 3.0 
4830 ; 2.0 
4831 ; 7.0 
4832 ; 6.0 
4833 ; 6.0 
4834 ; 7.0 
4835 ; 6.0 
4836 ; 7.0 
4837 ; 5.0 
4838 ; 6.0 
4839 ; 2.0 
4840 ; 2.0 
4841 ; 1.0 
4842 ; 1.0 
4843 ; 1.0 
4844 ; 2.0 
4845 ; 1.0 
4846 ; 1.0 
4847 ; 1.0 
4848 ; 2.0 
4849 ; 2.0 
4850 ; 1.0 
4851 ; 1.0 
4852 ; 1.0 
4853 ; 1.0 
4854 ; 1.0 
4855 ; 1.0 
4856 ; 2.0 
4857 ; 2.0 
4858 ; 1.0 
4859 ; 1.0 
4860 ; 1.0 
4861 ; 1.0 
4862 ; 1.0 
4863 ; 1.0 
4864 ; 1.0 
4865 ; 1.0 
4866 ; 2.0 
4867 ; 1.0 
4868 ; 1.0 
4869 ; 1.0 
4870 ; 1.0 
4871 ; 2.0 
4872 ; 2.0 
4873 ; 2.0 
4874 ; 1.0 
4875 ; 1.0 
4876 ; 1.0 
4877 ; 1.0 
4878 ; 2.0 
4879 ; 2.0 
4880 ; 1.0 
4881 ; 2.0 
4882 ; 1.0 
4883 ; 1.0 
4884 ; 3.0 
4885 ; 3.0 
4886 ; 1.0 
4887 ; 2.0 
4888 ; 4.0 
4889 ; 4.0 
4890 ; 2.0 
4891 ; 4.0 
4892 ; 2.0 
4893 ; 2.0 
4894 ; 6.0 
4895 ; 4.0 
4896 ; 2.0 
4897 ; 4.0 
4898 ; 3.0 
4899 ; 2.0 
4900 ; 0.0 
4901 ; 0.0 
4902 ; 9.0 
4903 ; 10.0 
4904 ; 10.0 
4905 ; 9.0 
4906 ; 21.0 
4907 ; 21.0 
4908 ; 26.0 
4909 ; 26.0 
4910 ; 21.0 
4911 ; 26.0 
4912 ; 0.0 
4913 ; 0.0 
4914 ; 0.0 
4915 ; 0.0 
4916 ; 0.0 
4917 ; 0.0 
4918 ; 0.0 
4919 ; 0.0 
4920 ; 0.0 
4921 ; 0.0 
4922 ; 0.0 
4923 ; 0.0 
4924 ; 0.0 
4925 ; 0.0 
4926 ; 0.0 
4927 ; 0.0 
4928 ; 5.0 
4929 ; 5.0 
4930 ; 3.0 
4931 ; 6.0 
4932 ; 5.0 
4933 ; 6.0 
4934 ; 5.0 
4935 ; 3.0 
4936 ; 5.0 
4937 ; 3.0 
4938 ; 5.0 
4939 ; 3.0 
4940 ; 5.0 
4941 ; 5.0 
4942 ; 3.0 
4943 ; 5.0 
4944 ; 3.0 
4945 ; 3.0 
4946 ; 3.0 
4947 ; 3.0 
4948 ; 1.0 
4949 ; 1.0 
4950 ; 1.0 
4951 ; 1.0 
4952 ; 1.0 
4953 ; 1.0 
4954 ; 5.0 
4955 ; 3.0 
4956 ; 3.0 
4957 ; 5.0 
4958 ; 2.0 
4959 ; 1.0 
4960 ; 1.0 
4961 ; 2.0 
4962 ; 1.0 
4963 ; 1.0 
4964 ; 1.0 
4965 ; 1.0 
4966 ; 1.0 
4967 ; 1.0 
4968 ; 2.0 
4969 ; 3.0 
4970 ; 2.0 
4971 ; 1.0 
4972 ; 2.0 
4973 ; 3.0 
4974 ; 2.0 
4975 ; 0.0 
4976 ; 0.0 
4977 ; 3.0 
4978 ; 0.0 
4979 ; 0.0 
4980 ; 1.0 
4981 ; 2.0 
4982 ; 1.0 
4983 ; 2.0 
4984 ; 1.0 
4985 ; 2.0 
4986 ; 0.0 
4987 ; 5.0 
4988 ; 3.0 
4989 ; 3.0 
4990 ; 5.0 
4991 ; 5.0 
4992 ; 4.0 
4993 ; 3.0 
4994 ; 8.0 
4995 ; 5.0 
4996 ; 3.0 
4997 ; 8.0 
4998 ; 3.0 
4999 ; 5.0 
5000 ; 5.0 
5001 ; 3.0 
5002 ; 4.0 
5003 ; 3.0 
5004 ; 3.0 
5005 ; 7.0 
5006 ; 1.0 
5007 ; 4.0 
5008 ; 5.0 
5009 ; 5.0 
5010 ; 5.0 
5011 ; 2.0 
5012 ; 5.0 
5013 ; 3.0 
5014 ; 2.0 
5015 ; 4.0 
5016 ; 3.0 
5017 ; 3.0 
5018 ; 3.0 
5019 ; 6.0 
5020 ; 6.0 
5021 ; 2.0 
5022 ; 4.0 
5023 ; 2.0 
5024 ; 2.0 
5025 ; 2.0 
5026 ; 4.0 
5027 ; 4.0 
5028 ; 2.0 
5029 ; 2.0 
5030 ; 3.0 
5031 ; 4.0 
5032 ; 7.0 
5033 ; 4.0 
5034 ; 4.0 
5035 ; 7.0 
5036 ; 6.0 
5037 ; 6.0 
5038 ; 1.0 
5039 ; 5.0 
5040 ; 2.0 
5041 ; 6.0 
5042 ; 1.0 
5043 ; 7.0 
5044 ; 7.0 
5045 ; 2.0 
5046 ; 3.0 
5047 ; 4.0 
5048 ; 8.0 
5049 ; 7.0 
5050 ; 6.0 
5051 ; 3.0 
5052 ; 2.0 
5053 ; 1.0 
5054 ; 1.0 
5055 ; 1.0 
5056 ; 1.0 
5057 ; 0.0 
5058 ; 12.0 
5059 ; 0.0 
5060 ; 4.0 
5061 ; 0.0 
5062 ; 4.0 
5063 ; 7.0 
5064 ; 8.0 
5065 ; 8.0 
5066 ; 7.0 
5067 ; 7.0 
5068 ; 8.0 
5069 ; 7.0 
5070 ; 8.0 
5071 ; 7.0 
5072 ; 8.0 
5073 ; 4.0 
5074 ; 4.0 
5075 ; 4.0 
5076 ; 8.0 
5077 ; 8.0 
5078 ; 4.0 
5079 ; 12.0 
5080 ; 7.0 
5081 ; 8.0 
5082 ; 8.0 
5083 ; 10.0 
5084 ; 0.0 
5085 ; 5.0 
5086 ; 5.0 
5087 ; 6.0 
5088 ; 6.0 
5089 ; 6.0 
5090 ; 6.0 
5091 ; 3.0 
5092 ; 6.0 
5093 ; 3.0 
5094 ; 1.0 
5095 ; 3.0 
5096 ; 3.0 
5097 ; 3.0 
5098 ; 3.0 
5099 ; 1.0 
5100 ; 1.0 
5101 ; 1.0 
5102 ; 1.0 
5103 ; 1.0 
5104 ; 2.0 
5105 ; 1.0 
5106 ; 0.0 
5107 ; 1.0 
5108 ; 1.0 
5109 ; 1.0 
5110 ; 1.0 
5111 ; 3.0 
5112 ; 1.0 
5113 ; 1.0 
5114 ; 1.0 
5115 ; 1.0 
5116 ; 1.0 
5117 ; 1.0 
5118 ; 3.0 
5119 ; 1.0 
5120 ; 8.0 
5121 ; 1.0 
5122 ; 2.0 
5123 ; 1.0 
5124 ; 2.0 
5125 ; 1.0 
5126 ; 2.0 
5127 ; 7.0 
5128 ; 4.0 
5129 ; 5.0 
5130 ; 3.0 
5131 ; 1.0 
5132 ; 2.0 
5133 ; 9.0 
5134 ; 9.0 
5135 ; 0.0 
5136 ; 0.0 
5137 ; 0.0 
5138 ; 0.0 
5139 ; 14.0 
5140 ; 13.0 
5141 ; 12.0 
5142 ; 14.0 
5143 ; 14.0 
5144 ; 14.0 
5145 ; 7.0 
5146 ; 6.0 
5147 ; 7.0 
5148 ; 2.0 
5149 ; 2.0 
5150 ; 3.0 
5151 ; 5.0 
5152 ; 4.0 
5153 ; 3.0 
5154 ; 6.0 
5155 ; 7.0 
5156 ; 3.0 
5157 ; 3.0 
5158 ; 5.0 
5159 ; 4.0 
5160 ; 3.0 
5161 ; 1.0 
5162 ; 3.0 
5163 ; 3.0 
5164 ; 4.0 
5165 ; 0.0 
5166 ; 11.0 
5167 ; 2.0 
5168 ; 2.0 
5169 ; 2.0 
5170 ; 2.0 
5171 ; 11.0 
5172 ; 4.0 
5173 ; 5.0 
5174 ; 2.0 
5175 ; 1.0 
5176 ; 1.0 
5177 ; 1.0 
5178 ; 2.0 
5179 ; 2.0 
5180 ; 4.0 
5181 ; 4.0 
5182 ; 2.0 
5183 ; 1.0 
5184 ; 2.0 
5185 ; 3.0 
5186 ; 1.0 
5187 ; 2.0 
5188 ; 8.0 
5189 ; 9.0 
5190 ; 2.0 
5191 ; 2.0 
5192 ; 6.0 
5193 ; 2.0 
5194 ; 2.0 
5195 ; 1.0 
5196 ; 0.0 
5197 ; 0.0 
5198 ; 0.0 
5199 ; 0.0 
5200 ; 0.0 
5201 ; 0.0 
5202 ; 3.0 
5203 ; 5.0 
5204 ; 0.0 
5205 ; 0.0 
5206 ; 9.0 
5207 ; 30.0 
5208 ; 5.0 
5209 ; 4.0 
5210 ; 4.0 
5211 ; 5.0 
5212 ; 6.0 
5213 ; 4.0 
5214 ; 4.0 
5215 ; 6.0 
5216 ; 26.0 
5217 ; 29.0 
5218 ; 21.0 
5219 ; 3.0 
5220 ; 5.0 
5221 ; 29.0 
5222 ; 3.0 
5223 ; 1.0 
5224 ; 0.0 
5225 ; 1.0 
5226 ; 5.0 
5227 ; 4.0 
5228 ; 2.0 
5229 ; 7.0 
5230 ; 5.0 
5231 ; 4.0 
5232 ; 4.0 
5233 ; 3.0 
5234 ; 4.0 
5235 ; 1.0 
5236 ; 1.0 
5237 ; 3.0 
5238 ; 1.0 
5239 ; 3.0 
5240 ; 3.0 
5241 ; 7.0 
5242 ; 1.0 
5243 ; 7.0 
5244 ; 1.0 
5245 ; 9.0 
5246 ; 5.0 
5247 ; 3.0 
5248 ; 0.0 
5249 ; 9.0 
5250 ; 4.0 
5251 ; 9.0 
5252 ; 8.0 
5253 ; 2.0 
5254 ; 6.0 
5255 ; 15.0 
5256 ; 2.0 
5257 ; 3.0 
5258 ; 2.0 
5259 ; 3.0 
5260 ; 8.0 
5261 ; 11.0 
5262 ; 2.0 
5263 ; 1.0 
5264 ; 2.0 
5265 ; 1.0 
5266 ; 1.0 
5267 ; 2.0 
5268 ; 1.0 
5269 ; 1.0 
5270 ; 1.0 
5271 ; 1.0 
5272 ; 1.0 
5273 ; 1.0 
5274 ; 1.0 
5275 ; 2.0 
5276 ; 1.0 
5277 ; 1.0 
5278 ; 2.0 
5279 ; 1.0 
5280 ; 1.0 
5281 ; 0.0 
5282 ; 2.0 
5283 ; 1.0 
5284 ; 1.0 
5285 ; 4.0 
5286 ; 7.0 
5287 ; 4.0 
5288 ; 7.0 
5289 ; 4.0 
5290 ; 7.0 
5291 ; 2.0 
5292 ; 2.0 
5293 ; 2.0 
5294 ; 2.0 
5295 ; 2.0 
5296 ; 2.0 
5297 ; 2.0 
5298 ; 2.0 
5299 ; 2.0 
5300 ; 3.0 
5301 ; 7.0 
5302 ; 7.0 
5303 ; 3.0 
5304 ; 3.0 
5305 ; 6.0 
5306 ; 3.0 
5307 ; 1.0 
5308 ; 1.0 
5309 ; 3.0 
5310 ; 1.0 
5311 ; 4.0 
5312 ; 1.0 
5313 ; 1.0 
5314 ; 3.0 
5315 ; 3.0 
5316 ; 1.0 
5317 ; 3.0 
5318 ; 1.0 
5319 ; 3.0 
5320 ; 1.0 
5321 ; 1.0 
5322 ; 3.0 
5323 ; 8.0 
5324 ; 4.0 
5325 ; 2.0 
5326 ; 1.0 
5327 ; 1.0 
5328 ; 1.0 
5329 ; 1.0 
5330 ; 2.0 
5331 ; 2.0 
5332 ; 2.0 
5333 ; 1.0 
5334 ; 2.0 
5335 ; 2.0 
5336 ; 0.0 
5337 ; 0.0 
5338 ; 4.0 
5339 ; 4.0 
5340 ; 1.0 
5341 ; 1.0 
5342 ; 1.0 
5343 ; 1.0 
5344 ; 2.0 
5345 ; 3.0 
5346 ; 3.0 
5347 ; 2.0 
5348 ; 3.0 
5349 ; 3.0 
5350 ; 3.0 
5351 ; 3.0 
5352 ; 2.0 
5353 ; 3.0 
5354 ; 3.0 
5355 ; 2.0 
5356 ; 4.0 
5357 ; 4.0 
5358 ; 10.0 
5359 ; 6.0 
5360 ; 6.0 
5361 ; 3.0 
5362 ; 3.0 
5363 ; 3.0 
5364 ; 0.0 
5365 ; 0.0 
5366 ; 0.0 
5367 ; 3.0 
5368 ; 3.0 
5369 ; 4.0 
5370 ; 4.0 
5371 ; 3.0 
5372 ; 4.0 
5373 ; 0.0 
5374 ; 3.0 
5375 ; 2.0 
5376 ; 2.0 
5377 ; 2.0 
5378 ; 3.0 
5379 ; 2.0 
5380 ; 3.0 
5381 ; 3.0 
5382 ; 0.0 
5383 ; 6.0 
5384 ; 6.0 
5385 ; 3.0 
5386 ; 3.0 
5387 ; 3.0 
5388 ; 1.0 
5389 ; 1.0 
5390 ; 2.0 
5391 ; 3.0 
5392 ; 4.0 
5393 ; 5.0 
5394 ; 0.0 
5395 ; 3.0 
5396 ; 3.0 
5397 ; 1.0 
5398 ; 7.0 
5399 ; 3.0 
5400 ; 10.0 
5401 ; 1.0 
5402 ; 4.0 
5403 ; 0.0 
5404 ; 4.0 
5405 ; 0.0 
5406 ; 1.0 
5407 ; 1.0 
5408 ; 2.0 
5409 ; 2.0 
5410 ; 3.0 
5411 ; 3.0 
5412 ; 3.0 
5413 ; 3.0 
5414 ; 3.0 
5415 ; 3.0 
5416 ; 3.0 
5417 ; 3.0 
5418 ; 4.0 
5419 ; 4.0 
5420 ; 3.0 
5421 ; 4.0 
5422 ; 7.0 
5423 ; 3.0 
5424 ; 1.0 
5425 ; 3.0 
5426 ; 6.0 
5427 ; 5.0 
5428 ; 5.0 
5429 ; 3.0 
5430 ; 6.0 
5431 ; 3.0 
5432 ; 6.0 
5433 ; 6.0 
5434 ; 4.0 
5435 ; 6.0 
5436 ; 6.0 
5437 ; 8.0 
5438 ; 3.0 
5439 ; 1.0 
5440 ; 3.0 
5441 ; 3.0 
5442 ; 1.0 
5443 ; 1.0 
5444 ; 2.0 
5445 ; 4.0 
5446 ; 2.0 
5447 ; 4.0 
5448 ; 2.0 
5449 ; 4.0 
5450 ; 5.0 
5451 ; 3.0 
5452 ; 6.0 
5453 ; 3.0 
5454 ; 5.0 
5455 ; 0.0 
5456 ; 5.0 
5457 ; 5.0 
5458 ; 3.0 
5459 ; 5.0 
5460 ; 3.0 
5461 ; 3.0 
5462 ; 16.0 
5463 ; 18.0 
5464 ; 5.0 
5465 ; 7.0 
5466 ; 5.0 
5467 ; 7.0 
5468 ; 5.0 
5469 ; 1.0 
5470 ; 1.0 
5471 ; 3.0 
5472 ; 0.0 
5473 ; 8.0 
5474 ; 6.0 
5475 ; 3.0 
5476 ; 4.0 
5477 ; 3.0 
5478 ; 4.0 
5479 ; 4.0 
5480 ; 4.0 
5481 ; 3.0 
5482 ; 3.0 
5483 ; 3.0 
5484 ; 4.0 
5485 ; 3.0 
5486 ; 4.0 
5487 ; 1.0 
5488 ; 1.0 
5489 ; 1.0 
5490 ; 1.0 
5491 ; 1.0 
5492 ; 1.0 
5493 ; 1.0 
5494 ; 1.0 
5495 ; 5.0 
5496 ; 4.0 
5497 ; 4.0 
5498 ; 5.0 
5499 ; 4.0 
5500 ; 5.0 
5501 ; 4.0 
5502 ; 5.0 
5503 ; 8.0 
5504 ; 7.0 
5505 ; 3.0 
5506 ; 8.0 
5507 ; 7.0 
5508 ; 12.0 
5509 ; 1.0 
5510 ; 1.0 
5511 ; 2.0 
5512 ; 3.0 
5513 ; 4.0 
5514 ; 2.0 
5515 ; 2.0 
5516 ; 2.0 
5517 ; 2.0 
5518 ; 2.0 
5519 ; 2.0 
5520 ; 2.0 
5521 ; 4.0 
5522 ; 2.0 
5523 ; 2.0 
5524 ; 2.0 
5525 ; 2.0 
5526 ; 2.0 
5527 ; 2.0 
5528 ; 2.0 
5529 ; 2.0 
5530 ; 2.0 
5531 ; 2.0 
5532 ; 2.0 
5533 ; 2.0 
5534 ; 2.0 
5535 ; 2.0 
5536 ; 2.0 
5537 ; 2.0 
5538 ; 2.0 
5539 ; 2.0 
5540 ; 2.0 
5541 ; 3.0 
5542 ; 2.0 
5543 ; 0.0 
5544 ; 3.0 
5545 ; 2.0 
5546 ; 1.0 
5547 ; 1.0 
5548 ; 2.0 
5549 ; 1.0 
5550 ; 2.0 
5551 ; 2.0 
5552 ; 1.0 
5553 ; 1.0 
5554 ; 2.0 
5555 ; 2.0 
5556 ; 1.0 
5557 ; 0.0 
5558 ; 0.0 
5559 ; 0.0 
5560 ; 3.0 
5561 ; 3.0 
5562 ; 3.0 
5563 ; 2.0 
5564 ; 3.0 
5565 ; 2.0 
5566 ; 2.0 
5567 ; 3.0 
5568 ; 5.0 
5569 ; 6.0 
5570 ; 0.0 
5571 ; 0.0 
5572 ; 0.0 
5573 ; 0.0 
5574 ; 1.0 
5575 ; 1.0 
5576 ; 1.0 
5577 ; 1.0 
5578 ; 0.0 
5579 ; 0.0 
5580 ; 6.0 
5581 ; 2.0 
5582 ; 4.0 
5583 ; 2.0 
5584 ; 4.0 
5585 ; 6.0 
5586 ; 6.0 
5587 ; 6.0 
5588 ; 2.0 
5589 ; 4.0 
5590 ; 2.0 
5591 ; 1.0 
5592 ; 3.0 
5593 ; 0.0 
5594 ; 0.0 
5595 ; 1.0 
5596 ; 1.0 
5597 ; 1.0 
5598 ; 1.0 
5599 ; 2.0 
5600 ; 1.0 
5601 ; 2.0 
5602 ; 1.0 
5603 ; 2.0 
5604 ; 1.0 
5605 ; 1.0 
5606 ; 2.0 
5607 ; 2.0 
5608 ; 0.0 
5609 ; 1.0 
5610 ; 3.0 
5611 ; 3.0 
5612 ; 1.0 
5613 ; 28.0 
5614 ; 25.0 
5615 ; 14.0 
5616 ; 29.0 
5617 ; 14.0 
5618 ; 26.0 
5619 ; 26.0 
5620 ; 23.0 
5621 ; 25.0 
5622 ; 8.0 
5623 ; 6.0 
5624 ; 7.0 
5625 ; 6.0 
5626 ; 11.0 
5627 ; 6.0 
5628 ; 4.0 
5629 ; 2.0 
5630 ; 3.0 
5631 ; 7.0 
5632 ; 7.0 
5633 ; 2.0 
5634 ; 2.0 
5635 ; 2.0 
5636 ; 6.0 
5637 ; 2.0 
5638 ; 0.0 
5639 ; 3.0 
5640 ; 6.0 
5641 ; 9.0 
5642 ; 6.0 
5643 ; 5.0 
5644 ; 9.0 
5645 ; 1.0 
5646 ; 8.0 
5647 ; 1.0 
5648 ; 4.0 
5649 ; 6.0 
5650 ; 6.0 
5651 ; 7.0 
5652 ; 8.0 
5653 ; 7.0 
5654 ; 7.0 
5655 ; 8.0 
5656 ; 3.0 
5657 ; 22.0 
5658 ; 21.0 
5659 ; 4.0 
5660 ; 4.0 
5661 ; 0.0 
5662 ; 4.0 
5663 ; 4.0 
5664 ; 12.0 
5665 ; 21.0 
5666 ; 18.0 
5667 ; 21.0 
5668 ; 18.0 
5669 ; 17.0 
5670 ; 2.0 
5671 ; 2.0 
5672 ; 3.0 
5673 ; 2.0 
5674 ; 17.0 
5675 ; 1.0 
5676 ; 1.0 
5677 ; 0.0 
5678 ; 0.0 
5679 ; 4.0 
5680 ; 4.0 
5681 ; 4.0 
5682 ; 22.0 
5683 ; 18.0 
5684 ; 21.0 
5685 ; 0.0 
5686 ; 4.0 
5687 ; 0.0 
5688 ; 0.0 
5689 ; 0.0 
5690 ; 1.0 
5691 ; 1.0 
5692 ; 0.0 
5693 ; 0.0 
5694 ; 2.0 
5695 ; 2.0 
5696 ; 0.0 
5697 ; 0.0 
5698 ; 3.0 
5699 ; 3.0 
5700 ; 0.0 
5701 ; 1.0 
5702 ; 1.0 
5703 ; 2.0 
5704 ; 2.0 
5705 ; 1.0 
5706 ; 0.0 
5707 ; 1.0 
5708 ; 2.0 
5709 ; 0.0 
5710 ; 1.0 
5711 ; 0.0 
5712 ; 0.0 
5713 ; 0.0 
5714 ; 1.0 
5715 ; 1.0 
5716 ; 1.0 
5717 ; 1.0 
5718 ; 1.0 
5719 ; 5.0 
5720 ; 3.0 
5721 ; 3.0 
5722 ; 1.0 
5723 ; 11.0 
5724 ; 18.0 
5725 ; 2.0 
5726 ; 1.0 
5727 ; 2.0 
5728 ; 2.0 
5729 ; 2.0 
5730 ; 2.0 
5731 ; 1.0 
5732 ; 2.0 
5733 ; 2.0 
5734 ; 2.0 
5735 ; 2.0 
5736 ; 2.0 
5737 ; 2.0 
5738 ; 2.0 
5739 ; 2.0 
5740 ; 2.0 
5741 ; 2.0 
5742 ; 0.0 
5743 ; 5.0 
5744 ; 6.0 
5745 ; 5.0 
5746 ; 10.0 
5747 ; 5.0 
5748 ; 5.0 
5749 ; 6.0 
5750 ; 7.0 
5751 ; 4.0 
5752 ; 6.0 
5753 ; 5.0 
5754 ; 2.0 
5755 ; 8.0 
5756 ; 9.0 
5757 ; 9.0 
5758 ; 8.0 
5759 ; 0.0 
5760 ; 0.0 
5761 ; 0.0 
5762 ; 0.0 
5763 ; 5.0 
5764 ; 7.0 
5765 ; 4.0 
5766 ; 0.0 
5767 ; 1.0 
5768 ; 7.0 
5769 ; 6.0 
5770 ; 0.0 
5771 ; 3.0 
5772 ; 1.0 
5773 ; 2.0 
5774 ; 2.0 
5775 ; 1.0 
5776 ; 2.0 
5777 ; 9.0 
5778 ; 9.0 
5779 ; 5.0 
5780 ; 2.0 
5781 ; 8.0 
5782 ; 7.0 
5783 ; 4.0 
5784 ; 4.0 
5785 ; 9.0 
5786 ; 2.0 
5787 ; 1.0 
5788 ; 1.0 
5789 ; 1.0 
5790 ; 1.0 
5791 ; 2.0 
5792 ; 7.0 
5793 ; 9.0 
5794 ; 7.0 
5795 ; 6.0 
5796 ; 9.0 
5797 ; 4.0 
5798 ; 4.0 
5799 ; 0.0 
5800 ; 3.0 
5801 ; 10.0 
5802 ; 10.0 
5803 ; 1.0 
5804 ; 1.0 
5805 ; 6.0 
5806 ; 11.0 
5807 ; 14.0 
5808 ; 11.0 
5809 ; 4.0 
5810 ; 5.0 
5811 ; 4.0 
5812 ; 9.0 
5813 ; 3.0 
5814 ; 4.0 
5815 ; 5.0 
5816 ; 1.0 
5817 ; 2.0 
5818 ; 2.0 
5819 ; 9.0 
5820 ; 7.0 
5821 ; 1.0 
5822 ; 8.0 
5823 ; 4.0 
5824 ; 6.0 
5825 ; 9.0 
5826 ; 13.0 
5827 ; 9.0 
5828 ; 9.0 
5829 ; 13.0 
5830 ; 13.0 
5831 ; 0.0 
5832 ; 2.0 
5833 ; 4.0 
5834 ; 6.0 
5835 ; 3.0 
5836 ; 0.0 
5837 ; 8.0 
5838 ; 3.0 
5839 ; 8.0 
5840 ; 24.0 
5841 ; 24.0 
5842 ; 4.0 
5843 ; 7.0 
5844 ; 16.0 
5845 ; 16.0 
5846 ; 3.0 
5847 ; 13.0 
5848 ; 8.0 
5849 ; 14.0 
5850 ; 24.0 
5851 ; 8.0 
5852 ; 24.0 
5853 ; 11.0 
5854 ; 1.0 
5855 ; 5.0 
5856 ; 4.0 
5857 ; 4.0 
5858 ; 5.0 
5859 ; 5.0 
5860 ; 5.0 
5861 ; 4.0 
5862 ; 9.0 
5863 ; 2.0 
5864 ; 2.0 
5865 ; 0.0 
5866 ; 2.0 
5867 ; 2.0 
5868 ; 13.0 
5869 ; 13.0 
5870 ; 13.0 
5871 ; 13.0 
5872 ; 13.0 
5873 ; 13.0 
5874 ; 3.0 
5875 ; 3.0 
5876 ; 1.0 
5877 ; 1.0 
5878 ; 2.0 
5879 ; 2.0 
5880 ; 2.0 
5881 ; 2.0 
5882 ; 1.0 
5883 ; 2.0 
5884 ; 1.0 
5885 ; 1.0 
5886 ; 1.0 
5887 ; 1.0 
5888 ; 3.0 
5889 ; 8.0 
5890 ; 7.0 
5891 ; 8.0 
5892 ; 7.0 
5893 ; 7.0 
5894 ; 11.0 
5895 ; 11.0 
5896 ; 7.0 
5897 ; 8.0 
5898 ; 8.0 
5899 ; 7.0 
5900 ; 7.0 
5901 ; 8.0 
5902 ; 15.0 
5903 ; 8.0 
5904 ; 7.0 
5905 ; 10.0 
5906 ; 1.0 
5907 ; 2.0 
5908 ; 1.0 
5909 ; 1.0 
5910 ; 3.0 
5911 ; 3.0 
5912 ; 3.0 
5913 ; 1.0 
5914 ; 1.0 
5915 ; 2.0 
5916 ; 2.0 
5917 ; 0.0 
5918 ; 2.0 
5919 ; 4.0 
5920 ; 7.0 
5921 ; 11.0 
5922 ; 5.0 
5923 ; 3.0 
5924 ; 1.0 
5925 ; 2.0 
5926 ; 0.0 
5927 ; 11.0 
5928 ; 9.0 
5929 ; 11.0 
5930 ; 11.0 
5931 ; 8.0 
5932 ; 11.0 
5933 ; 3.0 
5934 ; 2.0 
5935 ; 2.0 
5936 ; 1.0 
5937 ; 2.0 
5938 ; 3.0 
5939 ; 2.0 
5940 ; 1.0 
5941 ; 3.0 
5942 ; 2.0 
5943 ; 0.0 
5944 ; 2.0 
5945 ; 3.0 
5946 ; 2.0 
5947 ; 3.0 
5948 ; 2.0 
5949 ; 3.0 
5950 ; 3.0 
5951 ; 2.0 
5952 ; 4.0 
5953 ; 4.0 
5954 ; 0.0 
5955 ; 0.0 
5956 ; 5.0 
5957 ; 5.0 
5958 ; 1.0 
5959 ; 2.0 
5960 ; 5.0 
5961 ; 2.0 
5962 ; 3.0 
5963 ; 8.0 
5964 ; 8.0 
5965 ; 5.0 
5966 ; 4.0 
5967 ; 4.0 
5968 ; 9.0 
5969 ; 4.0 
5970 ; 1.0 
5971 ; 4.0 
5972 ; 1.0 
5973 ; 8.0 
5974 ; 1.0 
5975 ; 1.0 
5976 ; 2.0 
5977 ; 2.0 
5978 ; 5.0 
5979 ; 2.0 
5980 ; 2.0 
5981 ; 4.0 
5982 ; 2.0 
5983 ; 6.0 
5984 ; 0.0 
5985 ; 0.0 
5986 ; 0.0 
5987 ; 6.0 
5988 ; 2.0 
5989 ; 6.0 
5990 ; 2.0 
5991 ; 4.0 
5992 ; 6.0 
5993 ; 2.0 
5994 ; 6.0 
5995 ; 8.0 
5996 ; 2.0 
5997 ; 10.0 
5998 ; 8.0 
5999 ; 5.0 
6000 ; 8.0 
6001 ; 4.0 
6002 ; 11.0 
6003 ; 1.0 
6004 ; 0.0 
6005 ; 1.0 
6006 ; 1.0 
6007 ; 0.0 
6008 ; 1.0 
6009 ; 1.0 
6010 ; 0.0 
6011 ; 1.0 
6012 ; 0.0 
6013 ; 0.0 
6014 ; 0.0 
6015 ; 1.0 
6016 ; 0.0 
6017 ; 1.0 
6018 ; 1.0 
6019 ; 0.0 
6020 ; 1.0 
6021 ; 0.0 
6022 ; 0.0 
6023 ; 1.0 
6024 ; 0.0 
6025 ; 1.0 
6026 ; 2.0 
6027 ; 1.0 
6028 ; 1.0 
6029 ; 2.0 
6030 ; 1.0 
6031 ; 1.0 
6032 ; 2.0 
6033 ; 1.0 
6034 ; 1.0 
6035 ; 2.0 
6036 ; 2.0 
6037 ; 3.0 
6038 ; 1.0 
6039 ; 2.0 
6040 ; 3.0 
6041 ; 3.0 
6042 ; 2.0 
6043 ; 1.0 
6044 ; 0.0 
6045 ; 0.0 
6046 ; 2.0 
6047 ; 2.0 
6048 ; 1.0 
6049 ; 1.0 
6050 ; 2.0 
6051 ; 1.0 
6052 ; 0.0 
6053 ; 2.0 
6054 ; 8.0 
6055 ; 3.0 
6056 ; 4.0 
6057 ; 4.0 
6058 ; 5.0 
6059 ; 8.0 
6060 ; 3.0 
6061 ; 8.0 
6062 ; 4.0 
6063 ; 5.0 
6064 ; 4.0 
6065 ; 8.0 
6066 ; 4.0 
6067 ; 3.0 
6068 ; 3.0 
6069 ; 4.0 
6070 ; 3.0 
6071 ; 4.0 
6072 ; 3.0 
6073 ; 4.0 
6074 ; 4.0 
6075 ; 3.0 
6076 ; 3.0 
6077 ; 4.0 
6078 ; 3.0 
6079 ; 4.0 
6080 ; 3.0 
6081 ; 4.0 
6082 ; 3.0 
6083 ; 7.0 
6084 ; 2.0 
6085 ; 1.0 
6086 ; 2.0 
6087 ; 7.0 
6088 ; 7.0 
6089 ; 2.0 
6090 ; 2.0 
6091 ; 3.0 
6092 ; 1.0 
6093 ; 9.0 
6094 ; 11.0 
6095 ; 1.0 
6096 ; 3.0 
6097 ; 2.0 
6098 ; 6.0 
6099 ; 2.0 
6100 ; 3.0 
6101 ; 3.0 
6102 ; 3.0 
6103 ; 3.0 
6104 ; 3.0 
6105 ; 3.0 
6106 ; 6.0 
6107 ; 0.0 
6108 ; 2.0 
6109 ; 3.0 
6110 ; 2.0 
6111 ; 1.0 
6112 ; 2.0 
6113 ; 1.0 
6114 ; 4.0 
6115 ; 2.0 
6116 ; 0.0 
6117 ; 1.0 
6118 ; 1.0 
6119 ; 1.0 
6120 ; 1.0 
6121 ; 1.0 
6122 ; 2.0 
6123 ; 1.0 
6124 ; 0.0 
6125 ; 7.0 
6126 ; 7.0 
6127 ; 2.0 
6128 ; 8.0 
6129 ; 9.0 
6130 ; 4.0 
6131 ; 0.0 
6132 ; 20.0 
6133 ; 9.0 
6134 ; 16.0 
6135 ; 7.0 
6136 ; 4.0 
6137 ; 5.0 
6138 ; 5.0 
6139 ; 9.0 
6140 ; 0.0 
6141 ; 1.0 
6142 ; 1.0 
6143 ; 1.0 
6144 ; 1.0 
6145 ; 6.0 
6146 ; 2.0 
6147 ; 4.0 
6148 ; 4.0 
6149 ; 2.0 
6150 ; 4.0 
6151 ; 2.0 
6152 ; 4.0 
6153 ; 2.0 
6154 ; 4.0 
6155 ; 2.0 
6156 ; 0.0 
6157 ; 5.0 
6158 ; 3.0 
6159 ; 0.0 
6160 ; 0.0 
6161 ; 8.0 
6162 ; 5.0 
6163 ; 5.0 
6164 ; 5.0 
6165 ; 5.0 
6166 ; 4.0 
6167 ; 3.0 
6168 ; 3.0 
6169 ; 4.0 
6170 ; 2.0 
6171 ; 1.0 
6172 ; 1.0 
6173 ; 1.0 
6174 ; 1.0 
6175 ; 1.0 
6176 ; 1.0 
6177 ; 1.0 
6178 ; 1.0 
6179 ; 5.0 
6180 ; 4.0 
6181 ; 4.0 
6182 ; 6.0 
6183 ; 4.0 
6184 ; 2.0 
6185 ; 1.0 
6186 ; 3.0 
6187 ; 2.0 
6188 ; 3.0 
6189 ; 4.0 
6190 ; 4.0 
6191 ; 2.0 
6192 ; 5.0 
6193 ; 3.0 
6194 ; 4.0 
6195 ; 2.0 
6196 ; 1.0 
6197 ; 2.0 
6198 ; 1.0 
6199 ; 2.0 
6200 ; 2.0 
6201 ; 1.0 
6202 ; 1.0 
6203 ; 1.0 
6204 ; 2.0 
6205 ; 2.0 
6206 ; 1.0 
6207 ; 1.0 
6208 ; 2.0 
6209 ; 5.0 
6210 ; 6.0 
6211 ; 6.0 
6212 ; 4.0 
6213 ; 4.0 
6214 ; 3.0 
6215 ; 3.0 
6216 ; 4.0 
6217 ; 5.0 
6218 ; 3.0 
6219 ; 5.0 
6220 ; 3.0 
6221 ; 3.0 
6222 ; 5.0 
6223 ; 3.0 
6224 ; 6.0 
6225 ; 1.0 
6226 ; 1.0 
6227 ; 1.0 
6228 ; 1.0 
6229 ; 4.0 
6230 ; 6.0 
6231 ; 1.0 
6232 ; 1.0 
6233 ; 1.0 
6234 ; 1.0 
6235 ; 0.0 
6236 ; 1.0 
6237 ; 1.0 
6238 ; 1.0 
6239 ; 1.0 
6240 ; 1.0 
6241 ; 1.0 
6242 ; 1.0 
6243 ; 1.0 
6244 ; 1.0 
6245 ; 1.0 
6246 ; 1.0 
6247 ; 1.0 
6248 ; 2.0 
6249 ; 1.0 
6250 ; 3.0 
6251 ; 5.0 
6252 ; 3.0 
6253 ; 4.0 
6254 ; 8.0 
6255 ; 1.0 
6256 ; 3.0 
6257 ; 2.0 
6258 ; 1.0 
6259 ; 2.0 
6260 ; 2.0 
6261 ; 3.0 
6262 ; 2.0 
6263 ; 2.0 
6264 ; 3.0 
6265 ; 3.0 
6266 ; 2.0 
6267 ; 2.0 
6268 ; 3.0 
6269 ; 5.0 
6270 ; 6.0 
6271 ; 3.0 
6272 ; 3.0 
6273 ; 0.0 
6274 ; 3.0 
6275 ; 2.0 
6276 ; 3.0 
6277 ; 2.0 
6278 ; 1.0 
6279 ; 1.0 
6280 ; 2.0 
6281 ; 1.0 
6282 ; 0.0 
6283 ; 2.0 
6284 ; 2.0 
6285 ; 1.0 
6286 ; 1.0 
6287 ; 1.0 
6288 ; 2.0 
6289 ; 2.0 
6290 ; 1.0 
6291 ; 1.0 
6292 ; 2.0 
6293 ; 2.0 
6294 ; 1.0 
6295 ; 0.0 
6296 ; 1.0 
6297 ; 2.0 
6298 ; 5.0 
6299 ; 5.0 
6300 ; 4.0 
6301 ; 2.0 
6302 ; 5.0 
6303 ; 4.0 
6304 ; 0.0 
6305 ; 0.0 
6306 ; 3.0 
6307 ; 3.0 
6308 ; 2.0 
6309 ; 2.0 
6310 ; 2.0 
6311 ; 2.0 
6312 ; 5.0 
6313 ; 1.0 
6314 ; 3.0 
6315 ; 1.0 
6316 ; 0.0 
6317 ; 0.0 
6318 ; 1.0 
6319 ; 1.0 
6320 ; 1.0 
6321 ; 1.0 
6322 ; 1.0 
6323 ; 3.0 
6324 ; 5.0 
6325 ; 2.0 
6326 ; 3.0 
6327 ; 0.0 
6328 ; 0.0 
6329 ; 0.0 
6330 ; 0.0 
6331 ; 2.0 
6332 ; 1.0 
6333 ; 0.0 
6334 ; 0.0 
6335 ; 5.0 
6336 ; 3.0 
6337 ; 1.0 
6338 ; 5.0 
6339 ; 2.0 
6340 ; 5.0 
6341 ; 3.0 
6342 ; 3.0 
6343 ; 3.0 
6344 ; 2.0 
6345 ; 2.0 
6346 ; 1.0 
6347 ; 1.0 
6348 ; 1.0 
6349 ; 3.0 
6350 ; 3.0 
6351 ; 5.0 
6352 ; 5.0 
6353 ; 0.0 
6354 ; 2.0 
6355 ; 3.0 
6356 ; 5.0 
6357 ; 3.0 
6358 ; 3.0 
6359 ; 2.0 
6360 ; 3.0 
6361 ; 2.0 
6362 ; 5.0 
6363 ; 3.0 
6364 ; 1.0 
6365 ; 1.0 
6366 ; 1.0 
6367 ; 1.0 
6368 ; 4.0 
6369 ; 4.0 
6370 ; 3.0 
6371 ; 5.0 
6372 ; 3.0 
6373 ; 3.0 
6374 ; 5.0 
6375 ; 0.0 
6376 ; 0.0 
6377 ; 0.0 
6378 ; 0.0 
6379 ; 0.0 
6380 ; 0.0 
6381 ; 0.0 
6382 ; 0.0 
6383 ; 0.0 
6384 ; 0.0 
6385 ; 0.0 
6386 ; 7.0 
6387 ; 3.0 
6388 ; 2.0 
6389 ; 5.0 
6390 ; 6.0 
6391 ; 8.0 
6392 ; 6.0 
6393 ; 8.0 
6394 ; 8.0 
6395 ; 6.0 
6396 ; 8.0 
6397 ; 6.0 
6398 ; 8.0 
6399 ; 6.0 
6400 ; 6.0 
6401 ; 8.0 
6402 ; 3.0 
6403 ; 0.0 
6404 ; 3.0 
6405 ; 3.0 
6406 ; 0.0 
6407 ; 3.0 
6408 ; 0.0 
6409 ; 2.0 
6410 ; 2.0 
6411 ; 4.0 
6412 ; 4.0 
6413 ; 0.0 
6414 ; 3.0 
6415 ; 1.0 
6416 ; 1.0 
6417 ; 13.0 
6418 ; 5.0 
6419 ; 8.0 
6420 ; 7.0 
6421 ; 1.0 
6422 ; 12.0 
6423 ; 2.0 
6424 ; 2.0 
6425 ; 7.0 
6426 ; 9.0 
6427 ; 23.0 
6428 ; 5.0 
6429 ; 13.0 
6430 ; 14.0 
6431 ; 3.0 
6432 ; 5.0 
6433 ; 7.0 
6434 ; 22.0 
6435 ; 13.0 
6436 ; 9.0 
6437 ; 9.0 
6438 ; 0.0 
6439 ; 0.0 
6440 ; 2.0 
6441 ; 4.0 
6442 ; 0.0 
6443 ; 0.0 
6444 ; 0.0 
6445 ; 2.0 
6446 ; 11.0 
6447 ; 5.0 
6448 ; 3.0 
6449 ; 3.0 
6450 ; 3.0 
6451 ; 1.0 
6452 ; 1.0 
6453 ; 1.0 
6454 ; 0.0 
6455 ; 0.0 
6456 ; 2.0 
6457 ; 0.0 
6458 ; 0.0 
6459 ; 1.0 
6460 ; 1.0 
6461 ; 1.0 
6462 ; 2.0 
6463 ; 8.0 
6464 ; 2.0 
6465 ; 1.0 
6466 ; 1.0 
6467 ; 2.0 
6468 ; 8.0 
6469 ; 7.0 
6470 ; 7.0 
6471 ; 7.0 
6472 ; 8.0 
6473 ; 1.0 
6474 ; 7.0 
6475 ; 7.0 
6476 ; 7.0 
6477 ; 7.0 
6478 ; 7.0 
6479 ; 11.0 
6480 ; 10.0 
6481 ; 2.0 
6482 ; 2.0 
6483 ; 1.0 
6484 ; 7.0 
6485 ; 7.0 
6486 ; 7.0 
6487 ; 7.0 
6488 ; 1.0 
6489 ; 3.0 
6490 ; 4.0 
6491 ; 0.0 
6492 ; 10.0 
6493 ; 0.0 
6494 ; 0.0 
6495 ; 0.0 
6496 ; 2.0 
6497 ; 3.0 
6498 ; 3.0 
6499 ; 1.0 
6500 ; 1.0 
6501 ; 4.0 
6502 ; 2.0 
6503 ; 2.0 
6504 ; 2.0 
6505 ; 1.0 
6506 ; 1.0 
6507 ; 0.0 
6508 ; 13.0 
6509 ; 14.0 
6510 ; 13.0 
6511 ; 14.0 
6512 ; 13.0 
6513 ; 14.0 
6514 ; 13.0 
6515 ; 14.0 
6516 ; 13.0 
6517 ; 14.0 
6518 ; 2.0 
6519 ; 2.0 
6520 ; 2.0 
6521 ; 3.0 
6522 ; 1.0 
6523 ; 2.0 
6524 ; 2.0 
6525 ; 0.0 
6526 ; 2.0 
6527 ; 2.0 
6528 ; 2.0 
6529 ; 2.0 
6530 ; 2.0 
6531 ; 0.0 
6532 ; 0.0 
6533 ; 5.0 
6534 ; 0.0 
6535 ; 0.0 
6536 ; 0.0 
6537 ; 0.0 
6538 ; 0.0 
6539 ; 0.0 
6540 ; 0.0 
6541 ; 0.0 
6542 ; 0.0 
6543 ; 0.0 
6544 ; 0.0 
6545 ; 2.0 
6546 ; 0.0 
6547 ; 2.0 
6548 ; 2.0 
6549 ; 16.0 
6550 ; 12.0 
6551 ; 3.0 
6552 ; 0.0 
6553 ; 0.0 
6554 ; 0.0 
6555 ; 1.0 
6556 ; 0.0 
6557 ; 0.0 
6558 ; 12.0 
6559 ; 8.0 
6560 ; 1.0 
6561 ; 2.0 
6562 ; 3.0 
6563 ; 2.0 
6564 ; 0.0 
6565 ; 0.0 
6566 ; 0.0 
6567 ; 1.0 
6568 ; 3.0 
6569 ; 2.0 
6570 ; 0.0 
6571 ; 13.0 
6572 ; 15.0 
6573 ; 13.0 
6574 ; 9.0 
6575 ; 4.0 
6576 ; 1.0 
6577 ; 10.0 
6578 ; 2.0 
6579 ; 0.0 
6580 ; 0.0 
6581 ; 2.0 
6582 ; 3.0 
6583 ; 3.0 
6584 ; 1.0 
6585 ; 1.0 
6586 ; 2.0 
6587 ; 4.0 
6588 ; 3.0 
6589 ; 2.0 
6590 ; 3.0 
6591 ; 1.0 
6592 ; 3.0 
6593 ; 1.0 
6594 ; 1.0 
6595 ; 4.0 
6596 ; 3.0 
6597 ; 1.0 
6598 ; 2.0 
6599 ; 6.0 
6600 ; 8.0 
6601 ; 6.0 
6602 ; 8.0 
6603 ; 0.0 
6604 ; 9.0 
6605 ; 9.0 
6606 ; 9.0 
6607 ; 4.0 
6608 ; 5.0 
6609 ; 5.0 
6610 ; 1.0 
6611 ; 9.0 
6612 ; 9.0 
6613 ; 5.0 
6614 ; 3.0 
6615 ; 3.0 
6616 ; 0.0 
6617 ; 0.0 
6618 ; 1.0 
6619 ; 0.0 
6620 ; 0.0 
6621 ; 0.0 
6622 ; 0.0 
6623 ; 4.0 
6624 ; 2.0 
6625 ; 3.0 
6626 ; 4.0 
6627 ; 6.0 
6628 ; 0.0 
6629 ; 1.0 
6630 ; 3.0 
6631 ; 2.0 
6632 ; 2.0 
6633 ; 2.0 
6634 ; 4.0 
6635 ; 3.0 
6636 ; 3.0 
6637 ; 2.0 
6638 ; 2.0 
6639 ; 3.0 
6640 ; 3.0 
6641 ; 2.0 
6642 ; 3.0 
6643 ; 3.0 
6644 ; 1.0 
6645 ; 1.0 
6646 ; 0.0 
6647 ; 8.0 
6648 ; 2.0 
6649 ; 10.0 
6650 ; 0.0 
6651 ; 1.0 
6652 ; 1.0 
6653 ; 2.0 
6654 ; 4.0 
6655 ; 2.0 
6656 ; 4.0 
6657 ; 2.0 
6658 ; 2.0 
6659 ; 3.0 
6660 ; 2.0 
6661 ; 3.0 
6662 ; 3.0 
6663 ; 0.0 
6664 ; 1.0 
6665 ; 1.0 
6666 ; 4.0 
6667 ; 2.0 
6668 ; 3.0 
6669 ; 3.0 
6670 ; 2.0 
6671 ; 2.0 
6672 ; 2.0 
6673 ; 3.0 
6674 ; 0.0 
6675 ; 2.0 
6676 ; 3.0 
6677 ; 0.0 
6678 ; 2.0 
6679 ; 3.0 
6680 ; 2.0 
6681 ; 5.0 
6682 ; 6.0 
6683 ; 5.0 
6684 ; 2.0 
6685 ; 3.0 
6686 ; 3.0 
6687 ; 3.0 
6688 ; 5.0 
6689 ; 2.0 
6690 ; 2.0 
6691 ; 4.0 
6692 ; 6.0 
6693 ; 4.0 
6694 ; 2.0 
6695 ; 2.0 
6696 ; 2.0 
6697 ; 2.0 
6698 ; 2.0 
6699 ; 2.0 
6700 ; 2.0 
6701 ; 2.0 
6702 ; 0.0 
6703 ; 0.0 
6704 ; 5.0 
6705 ; 13.0 
6706 ; 13.0 
6707 ; 12.0 
6708 ; 13.0 
6709 ; 0.0 
6710 ; 1.0 
6711 ; 1.0 
6712 ; 0.0 
6713 ; 3.0 
6714 ; 2.0 
6715 ; 4.0 
6716 ; 2.0 
6717 ; 0.0 
6718 ; 0.0 
6719 ; 1.0 
6720 ; 1.0 
6721 ; 2.0 
6722 ; 3.0 
6723 ; 4.0 
6724 ; 1.0 
6725 ; 1.0 
6726 ; 1.0 
6727 ; 1.0 
6728 ; 1.0 
6729 ; 1.0 
6730 ; 3.0 
6731 ; 3.0 
6732 ; 1.0 
6733 ; 1.0 
6734 ; 2.0 
6735 ; 3.0 
6736 ; 2.0 
6737 ; 3.0 
6738 ; 2.0 
6739 ; 1.0 
6740 ; 2.0 
6741 ; 8.0 
6742 ; 6.0 
6743 ; 8.0 
6744 ; 4.0 
6745 ; 8.0 
6746 ; 2.0 
6747 ; 5.0 
6748 ; 6.0 
6749 ; 2.0 
6750 ; 11.0 
6751 ; 1.0 
6752 ; 0.0 
6753 ; 1.0 
6754 ; 1.0 
6755 ; 6.0 
6756 ; 5.0 
6757 ; 7.0 
6758 ; 6.0 
6759 ; 7.0 
6760 ; 5.0 
6761 ; 7.0 
6762 ; 4.0 
6763 ; 5.0 
6764 ; 6.0 
6765 ; 6.0 
6766 ; 6.0 
6767 ; 7.0 
6768 ; 7.0 
6769 ; 2.0 
6770 ; 4.0 
6771 ; 4.0 
6772 ; 2.0 
6773 ; 1.0 
6774 ; 1.0 
6775 ; 2.0 
6776 ; 2.0 
6777 ; 0.0 
6778 ; 0.0 
6779 ; 2.0 
6780 ; 4.0 
6781 ; 4.0 
6782 ; 2.0 
6783 ; 6.0 
6784 ; 6.0 
6785 ; 3.0 
6786 ; 0.0 
6787 ; 0.0 
6788 ; 3.0 
6789 ; 9.0 
6790 ; 3.0 
6791 ; 2.0 
6792 ; 3.0 
6793 ; 1.0 
6794 ; 2.0 
6795 ; 2.0 
6796 ; 1.0 
6797 ; 2.0 
6798 ; 1.0 
6799 ; 0.0 
6800 ; 0.0 
6801 ; 1.0 
6802 ; 1.0 
6803 ; 1.0 
6804 ; 2.0 
6805 ; 2.0 
6806 ; 2.0 
6807 ; 2.0 
6808 ; 2.0 
6809 ; 2.0 
6810 ; 1.0 
6811 ; 2.0 
6812 ; 2.0 
6813 ; 2.0 
6814 ; 3.0 
6815 ; 1.0 
6816 ; 2.0 
6817 ; 2.0 
6818 ; 3.0 
6819 ; 1.0 
6820 ; 7.0 
6821 ; 7.0 
6822 ; 3.0 
6823 ; 3.0 
6824 ; 3.0 
6825 ; 3.0 
6826 ; 7.0 
6827 ; 7.0 
6828 ; 0.0 
6829 ; 2.0 
6830 ; 0.0 
6831 ; 6.0 
6832 ; 5.0 
6833 ; 3.0 
6834 ; 1.0 
6835 ; 1.0 
6836 ; 5.0 
6837 ; 0.0 
6838 ; 0.0 
6839 ; 2.0 
6840 ; 0.0 
6841 ; 2.0 
6842 ; 2.0 
6843 ; 0.0 
6844 ; 2.0 
6845 ; 2.0 
6846 ; 3.0 
6847 ; 3.0 
6848 ; 2.0 
6849 ; 5.0 
6850 ; 5.0 
6851 ; 5.0 
6852 ; 2.0 
6853 ; 0.0 
6854 ; 5.0 
6855 ; 0.0 
6856 ; 5.0 
6857 ; 0.0 
6858 ; 5.0 
6859 ; 5.0 
6860 ; 5.0 
6861 ; 0.0 
6862 ; 0.0 
6863 ; 0.0 
6864 ; 3.0 
6865 ; 4.0 
6866 ; 2.0 
6867 ; 3.0 
6868 ; 4.0 
6869 ; 7.0 
6870 ; 3.0 
6871 ; 3.0 
6872 ; 2.0 
6873 ; 4.0 
6874 ; 2.0 
6875 ; 2.0 
6876 ; 2.0 
6877 ; 2.0 
6878 ; 3.0 
6879 ; 3.0 
6880 ; 2.0 
6881 ; 10.0 
6882 ; 2.0 
6883 ; 4.0 
6884 ; 5.0 
6885 ; 5.0 
6886 ; 2.0 
6887 ; 2.0 
6888 ; 2.0 
6889 ; 2.0 
6890 ; 5.0 
6891 ; 3.0 
6892 ; 2.0 
6893 ; 2.0 
6894 ; 3.0 
6895 ; 3.0 
6896 ; 4.0 
6897 ; 1.0 
6898 ; 2.0 
6899 ; 2.0 
6900 ; 3.0 
6901 ; 3.0 
6902 ; 0.0 
6903 ; 0.0 
6904 ; 2.0 
6905 ; 2.0 
6906 ; 1.0 
6907 ; 2.0 
6908 ; 2.0 
6909 ; 1.0 
6910 ; 1.0 
6911 ; 1.0 
6912 ; 2.0 
6913 ; 3.0 
6914 ; 2.0 
6915 ; 3.0 
6916 ; 3.0 
6917 ; 2.0 
6918 ; 2.0 
6919 ; 3.0 
6920 ; 2.0 
6921 ; 3.0 
6922 ; 2.0 
6923 ; 2.0 
6924 ; 1.0 
6925 ; 2.0 
6926 ; 1.0 
6927 ; 3.0 
6928 ; 5.0 
6929 ; 2.0 
6930 ; 4.0 
6931 ; 2.0 
6932 ; 4.0 
6933 ; 3.0 
6934 ; 2.0 
6935 ; 2.0 
6936 ; 2.0 
6937 ; 3.0 
6938 ; 3.0 
6939 ; 2.0 
6940 ; 3.0 
6941 ; 2.0 
6942 ; 3.0 
6943 ; 3.0 
6944 ; 2.0 
6945 ; 2.0 
6946 ; 3.0 
6947 ; 3.0 
6948 ; 2.0 
6949 ; 1.0 
6950 ; 1.0 
6951 ; 2.0 
6952 ; 1.0 
6953 ; 1.0 
6954 ; 6.0 
6955 ; 8.0 
6956 ; 8.0 
6957 ; 6.0 
6958 ; 8.0 
6959 ; 6.0 
6960 ; 8.0 
6961 ; 6.0 
6962 ; 14.0 
6963 ; 5.0 
6964 ; 4.0 
6965 ; 7.0 
6966 ; 5.0 
6967 ; 6.0 
6968 ; 6.0 
6969 ; 15.0 
6970 ; 17.0 
6971 ; 11.0 
6972 ; 0.0 
6973 ; 0.0 
6974 ; 3.0 
6975 ; 3.0 
6976 ; 3.0 
6977 ; 3.0 
6978 ; 3.0 
6979 ; 3.0 
6980 ; 3.0 
6981 ; 2.0 
6982 ; 3.0 
6983 ; 2.0 
6984 ; 1.0 
6985 ; 7.0 
6986 ; 8.0 
6987 ; 8.0 
6988 ; 3.0 
6989 ; 2.0 
6990 ; 6.0 
6991 ; 2.0 
6992 ; 4.0 
6993 ; 6.0 
6994 ; 6.0 
6995 ; 4.0 
6996 ; 9.0 
6997 ; 9.0 
6998 ; 6.0 
6999 ; 6.0 
7000 ; 3.0 
7001 ; 6.0 
7002 ; 6.0 
7003 ; 6.0 
7004 ; 4.0 
7005 ; 3.0 
7006 ; 4.0 
7007 ; 3.0 
7008 ; 6.0 
7009 ; 3.0 
7010 ; 3.0 
7011 ; 3.0 
7012 ; 1.0 
7013 ; 2.0 
7014 ; 3.0 
7015 ; 3.0 
7016 ; 3.0 
7017 ; 3.0 
7018 ; 1.0 
7019 ; 2.0 
7020 ; 3.0 
7021 ; 3.0 
7022 ; 10.0 
7023 ; 0.0 
7024 ; 11.0 
7025 ; 11.0 
7026 ; 7.0 
7027 ; 0.0 
7028 ; 4.0 
7029 ; 5.0 
7030 ; 10.0 
7031 ; 4.0 
7032 ; 0.0 
7033 ; 4.0 
7034 ; 8.0 
7035 ; 10.0 
7036 ; 7.0 
7037 ; 10.0 
7038 ; 0.0 
7039 ; 7.0 
7040 ; 0.0 
7041 ; 8.0 
7042 ; 8.0 
7043 ; 7.0 
7044 ; 4.0 
7045 ; 3.0 
7046 ; 10.0 
7047 ; 7.0 
7048 ; 0.0 
7049 ; 4.0 
7050 ; 10.0 
7051 ; 7.0 
7052 ; 7.0 
7053 ; 7.0 
7054 ; 7.0 
7055 ; 8.0 
7056 ; 7.0 
7057 ; 4.0 
7058 ; 7.0 
7059 ; 7.0 
7060 ; 10.0 
7061 ; 10.0 
7062 ; 7.0 
7063 ; 0.0 
7064 ; 7.0 
7065 ; 0.0 
7066 ; 10.0 
7067 ; 7.0 
7068 ; 8.0 
7069 ; 8.0 
7070 ; 7.0 
7071 ; 7.0 
7072 ; 0.0 
